"Time","CountryID","Country","FOSSILTPES","GDP","GDPPPP","OILSUPGDP","OILSUPGDPPPP","OILTPES","POP","RENTPES","TPES","TPESGDP","TPESGDPPPP","Price.Oil"
1960,"AFRIC","Africa",NA,NA,NA,NA,NA,NA,NA,NA,NA,NA,NA,NA
1961,"AFRIC","Africa",NA,NA,NA,NA,NA,NA,NA,NA,NA,NA,NA,NA
1962,"AFRIC","Africa",NA,NA,NA,NA,NA,NA,NA,NA,NA,NA,NA,NA
1963,"AFRIC","Africa",NA,NA,NA,NA,NA,NA,NA,NA,NA,NA,NA,NA
1964,"AFRIC","Africa",NA,NA,NA,NA,NA,NA,NA,NA,NA,NA,NA,NA
1965,"AFRIC","Africa",NA,NA,NA,NA,NA,NA,NA,NA,NA,NA,NA,NA
1966,"AFRIC","Africa",NA,NA,NA,NA,NA,NA,NA,NA,NA,NA,NA,NA
1967,"AFRIC","Africa",NA,NA,NA,NA,NA,NA,NA,NA,NA,NA,NA,NA
1968,"AFRIC","Africa",NA,NA,NA,NA,NA,NA,NA,NA,NA,NA,NA,18.17301389
1969,"AFRIC","Africa",NA,NA,NA,NA,NA,NA,NA,NA,NA,NA,NA,16.63796367
1970,"AFRIC","Africa",NA,NA,NA,NA,NA,NA,NA,NA,NA,NA,NA,16.63673849
1971,"AFRIC","Africa",0.38,566.77,1232.72,0.061,0.028,34.52,372.68,0.6185,191.96,0.339,0.156,17.06917156
1972,"AFRIC","Africa",0.39,582.18,1270.93,0.065,0.03,38.1,382.3,0.6125,199,0.342,0.157,16.79916882
1973,"AFRIC","Africa",0.4,603.78,1313.85,0.067,0.031,40.71,392.23,0.602,206.9,0.343,0.157,20.03943153
1974,"AFRIC","Africa",0.4,632.73,1373.24,0.067,0.031,42.66,402.56,0.5967,214.14,0.338,0.156,55.38161474
1975,"AFRIC","Africa",0.41,642.92,1401.12,0.071,0.032,45.38,413.32,0.5912,222.26,0.346,0.159,56.50621167
1976,"AFRIC","Africa",0.42,687.1,1509.09,0.071,0.032,48.72,424.54,0.5815,230.96,0.336,0.153,51.64717593
1977,"AFRIC","Africa",0.43,713.26,1578.43,0.074,0.034,53.13,436.21,0.5736,239.85,0.336,0.152,52.25864474
1978,"AFRIC","Africa",0.44,723.85,1607.29,0.079,0.036,57.42,448.33,0.5587,251.39,0.347,0.156,48.69920207
1979,"AFRIC","Africa",0.45,761.03,1694.15,0.077,0.035,58.59,460.9,0.5514,261.01,0.343,0.154,64.81635063
1980,"AFRIC","Africa",0.46,789.38,1757.13,0.077,0.035,61.12,473.9,0.5406,272.98,0.346,0.155,89.6272974
1981,"AFRIC","Africa",0.47,777.88,1728.09,0.084,0.038,65.55,487.32,0.5255,289.01,0.372,0.167,88.97249842
1982,"AFRIC","Africa",0.49,793.19,1773.55,0.086,0.039,68.4,501.16,0.5097,305.91,0.386,0.172,75.83470746
1983,"AFRIC","Africa",0.49,792.94,1783.98,0.089,0.039,70.44,515.42,0.5048,315.99,0.399,0.177,64.19523548
1984,"AFRIC","Africa",0.5,811.67,1825.42,0.089,0.04,72.49,530.1,0.4994,328.59,0.405,0.18,60.59025344
1985,"AFRIC","Africa",0.5,835.18,1886.71,0.089,0.039,74.45,545.28,0.499,338.26,0.405,0.179,54.70411632
1986,"AFRIC","Africa",0.5,832.87,1884.89,0.09,0.04,74.71,560.9,0.4956,350.72,0.421,0.186,27.70261183
1987,"AFRIC","Africa",0.5,828.7,1876.16,0.094,0.042,78.31,576.88,0.4916,362.68,0.438,0.193,34.81415613
1988,"AFRIC","Africa",0.5,864.53,1955.06,0.094,0.041,80.88,593.18,0.4907,374.09,0.433,0.191,26.92359244
1989,"AFRIC","Africa",0.49,896.48,2031.64,0.092,0.04,82.09,609.68,0.4993,378.6,0.422,0.186,31.79711973
1990,"AFRIC","Africa",0.48,920.91,2091.52,0.094,0.041,86.47,626.48,0.5113,392.91,0.427,0.188,36.27455601
1991,"AFRIC","Africa",0.49,932.18,2120.2,0.094,0.041,87.92,643.55,0.5086,405.92,0.435,0.191,29.98983071
1992,"AFRIC","Africa",0.48,929.02,2125.19,0.096,0.042,89.56,664.08,0.5175,408.6,0.44,0.192,28.30022643
1993,"AFRIC","Africa",0.48,928.8,2132.76,0.094,0.041,87.17,681.6,0.5143,421.01,0.453,0.197,24.35254412
1994,"AFRIC","Africa",0.47,950.08,2180.85,0.088,0.038,83.95,699.49,0.5206,426.39,0.449,0.196,22.86046056
1995,"AFRIC","Africa",0.48,969.2,2225.82,0.092,0.04,89.42,717.56,0.516,443.99,0.458,0.199,24.53171457
1996,"AFRIC","Africa",0.48,1021.48,2345.57,0.092,0.04,93.52,735.84,0.5138,457.48,0.448,0.195,28.66596882
1997,"AFRIC","Africa",0.48,1053.26,2420.69,0.092,0.04,96.5,754.39,0.5125,470.83,0.447,0.195,25.11747988
1998,"AFRIC","Africa",0.47,1085.83,2500.85,0.091,0.039,98.47,773.3,0.5166,479.36,0.441,0.192,16.14305106
1999,"AFRIC","Africa",0.48,1114.85,2576.5,0.09,0.039,100.63,792.66,0.5141,494.04,0.443,0.192,22.61031598
2000,"AFRIC","Africa",0.47,1155.06,2671.82,0.084,0.036,97.48,812.55,0.5175,495.59,0.429,0.185,35.10868096
2001,"AFRIC","Africa",0.48,1199.77,2777.56,0.088,0.038,105.4,832.78,0.5126,515.82,0.43,0.186,27.09057055
2002,"AFRIC","Africa",0.48,1242.23,2871.03,0.087,0.038,108.62,853.3,0.5149,526.89,0.424,0.184,28.74943021
2003,"AFRIC","Africa",0.49,1307.29,3022.43,0.084,0.036,109.36,874.34,0.5067,548.86,0.42,0.182,32.8623193
2004,"AFRIC","Africa",0.49,1428.36,3291.89,0.083,0.036,118.51,896.08,0.4995,578.81,0.405,0.176,41.43476397
2005,"AFRIC","Africa",0.5,1507.21,3469.98,0.083,0.036,125.26,918.54,0.4953,599.55,0.398,0.173,54.59759226
2006,"AFRIC","Africa",0.5,1604.41,3688.19,0.078,0.034,125.48,941.76,0.4971,614.81,0.383,0.167,63.88739722
2007,"AFRIC","Africa",0.5,1708.3,3922.04,0.078,0.034,133.06,965.73,0.4907,639.91,0.375,0.163,70.6634311
2008,"AFRIC","Africa",0.51,1795.59,4125.9,0.079,0.034,141.77,990.5,0.4824,665.71,0.371,0.161,93.78727749
2009,"AFRIC","Africa",0.51,1846.06,4257.39,0.08,0.035,148.5,1016.07,0.4864,676.16,0.366,0.159,60.00312488
2010,"AFRIC","Africa",0.5,1941.37,4482.44,0.079,0.034,153.95,1042.46,0.4904,693.84,0.357,0.155,75.82563805
2011,"AFRIC","Africa",0.5,1966.46,4532.19,0.078,0.034,152.51,1069.68,0.4958,709.77,0.361,0.157,99.45770574
2012,"AFRIC","Africa",0.5,2074.28,4789.12,0.079,0.034,163.15,1097.67,0.4955,737.36,0.355,0.154,96.01863557
2013,"AFRIC","Africa",0.5,2148.38,4959.4,0.077,0.033,165.35,1126.39,0.4986,749.61,0.349,0.151,91.85653717
2014,"AFRIC","Africa",0.5,2222.7,5131.22,0.074,0.032,164.59,1155.72,0.4957,772.08,0.347,0.15,82.58092684
2015,"AFRIC","Africa",NA,NA,NA,NA,NA,NA,NA,NA,NA,NA,NA,42.64477115
1960,"ASIA","Asia (excluding China)",NA,NA,NA,NA,NA,NA,NA,NA,NA,NA,NA,NA
1961,"ASIA","Asia (excluding China)",NA,NA,NA,NA,NA,NA,NA,NA,NA,NA,NA,NA
1962,"ASIA","Asia (excluding China)",NA,NA,NA,NA,NA,NA,NA,NA,NA,NA,NA,NA
1963,"ASIA","Asia (excluding China)",NA,NA,NA,NA,NA,NA,NA,NA,NA,NA,NA,NA
1964,"ASIA","Asia (excluding China)",NA,NA,NA,NA,NA,NA,NA,NA,NA,NA,NA,NA
1965,"ASIA","Asia (excluding China)",NA,NA,NA,NA,NA,NA,NA,NA,NA,NA,NA,NA
1966,"ASIA","Asia (excluding China)",NA,NA,NA,NA,NA,NA,NA,NA,NA,NA,NA,NA
1967,"ASIA","Asia (excluding China)",NA,NA,NA,NA,NA,NA,NA,NA,NA,NA,NA,NA
1968,"ASIA","Asia (excluding China)",NA,NA,NA,NA,NA,NA,NA,NA,NA,NA,NA,18.17301389
1969,"ASIA","Asia (excluding China)",NA,NA,NA,NA,NA,NA,NA,NA,NA,NA,NA,16.63796367
1970,"ASIA","Asia (excluding China)",NA,NA,NA,NA,NA,NA,NA,NA,NA,NA,NA,16.63673849
1971,"ASIA","Asia (excluding China)",0.41,565.87,1618.4,0.123,0.043,69.81,1052.83,0.5849,311.22,0.55,0.192,17.06917156
1972,"ASIA","Asia (excluding China)",0.42,581,1649.77,0.129,0.045,74.76,1078.05,0.5789,321.13,0.553,0.195,16.79916882
1973,"ASIA","Asia (excluding China)",0.43,620.96,1755.02,0.133,0.047,82.88,1103.85,0.5678,335.22,0.54,0.191,20.03943153
1974,"ASIA","Asia (excluding China)",0.44,651.34,1834.93,0.129,0.046,83.8,1130.14,0.5615,346.57,0.532,0.189,55.38161474
1975,"ASIA","Asia (excluding China)",0.44,688.82,1945.89,0.125,0.044,86.23,1156.96,0.557,360.89,0.524,0.185,56.50621167
1976,"ASIA","Asia (excluding China)",0.45,724.9,2043.24,0.127,0.045,92.16,1184.29,0.5455,377.48,0.521,0.185,51.64717593
1977,"ASIA","Asia (excluding China)",0.46,779.83,2193.16,0.128,0.046,100.05,1212.11,0.5334,394.85,0.506,0.18,52.25864474
1978,"ASIA","Asia (excluding China)",0.47,837.65,2352.32,0.131,0.047,110.06,1240.52,0.5232,412.82,0.493,0.175,48.69920207
1979,"ASIA","Asia (excluding China)",0.48,865.09,2410.4,0.137,0.049,118.1,1269.62,0.5096,434.98,0.503,0.18,64.81635063
1980,"ASIA","Asia (excluding China)",0.49,921.76,2568.75,0.134,0.048,123.78,1299.43,0.5012,450.59,0.489,0.175,89.6272974
1981,"ASIA","Asia (excluding China)",0.5,979.4,2731.6,0.129,0.046,125.9,1329.8,0.4954,466.48,0.476,0.171,88.97249842
1982,"ASIA","Asia (excluding China)",0.5,1017.33,2839.14,0.125,0.045,127.44,1361.04,0.4889,482.47,0.474,0.17,75.83470746
1983,"ASIA","Asia (excluding China)",0.51,1085.18,3029.24,0.123,0.044,133.01,1392.65,0.4745,501.44,0.462,0.166,64.19523548
1984,"ASIA","Asia (excluding China)",0.52,1138.27,3174.3,0.115,0.041,130.9,1424.76,0.4694,518.75,0.456,0.163,60.59025344
1985,"ASIA","Asia (excluding China)",0.52,1176.07,3292.6,0.118,0.042,138.28,1457.33,0.4587,543.42,0.462,0.165,54.70411632
1986,"ASIA","Asia (excluding China)",0.54,1235.25,3455.62,0.117,0.042,144.58,1490.42,0.4482,568,0.46,0.164,27.70261183
1987,"ASIA","Asia (excluding China)",0.55,1304.76,3639.82,0.116,0.042,151.6,1523.91,0.4371,590.6,0.453,0.162,34.81415613
1988,"ASIA","Asia (excluding China)",0.56,1405.92,3921.31,0.118,0.042,165.3,1557.63,0.4262,621.66,0.442,0.159,26.92359244
1989,"ASIA","Asia (excluding China)",0.57,1510.7,4201.7,0.117,0.042,176.44,1591.53,0.4172,651.31,0.431,0.155,31.79711973
1990,"ASIA","Asia (excluding China)",0.58,1608.82,4461.5,0.122,0.044,195.82,1625.29,0.4087,696.86,0.433,0.156,36.27455601
1991,"ASIA","Asia (excluding China)",0.59,1684.47,4651.62,0.121,0.044,203.45,1659.16,0.3962,728.92,0.433,0.157,29.98983071
1992,"ASIA","Asia (excluding China)",0.6,1786.47,4924.08,0.122,0.044,217.35,1692.99,0.3876,756.34,0.423,0.154,28.30022643
1993,"ASIA","Asia (excluding China)",0.62,1891.8,5195,0.127,0.046,239.57,1726.92,0.3713,789.73,0.417,0.152,24.35254412
1994,"ASIA","Asia (excluding China)",0.62,2021.62,5538.05,0.125,0.045,251.84,1760.97,0.3642,817.85,0.405,0.148,22.86046056
1995,"ASIA","Asia (excluding China)",0.64,2165.99,5929.21,0.128,0.047,277.42,1795.09,0.3497,867.04,0.4,0.146,24.53171457
1996,"ASIA","Asia (excluding China)",0.65,2311.08,6322.99,0.127,0.046,293.44,1829.25,0.3396,902.31,0.39,0.143,28.66596882
1997,"ASIA","Asia (excluding China)",0.66,2400.81,6554.9,0.129,0.047,310.29,1863.41,0.3301,941.5,0.392,0.144,25.11747988
1998,"ASIA","Asia (excluding China)",0.65,2367.47,6497.43,0.132,0.048,311.47,1897.55,0.3329,948.69,0.401,0.146,16.14305106
1999,"ASIA","Asia (excluding China)",0.66,2494.28,6852.85,0.13,0.047,323.89,1931.6,0.3246,992.72,0.398,0.145,22.61031598
2000,"ASIA","Asia (excluding China)",0.67,2619.72,7184.09,0.128,0.047,335.41,1965.25,0.3194,1037.71,0.396,0.144,35.10868096
2001,"ASIA","Asia (excluding China)",0.67,2694.42,7413.59,0.126,0.046,340.14,1998.49,0.3153,1061.95,0.394,0.143,27.09057055
2002,"ASIA","Asia (excluding China)",0.68,2815.41,7740.84,0.125,0.046,352.25,2031.89,0.3084,1100.16,0.391,0.142,28.74943021
2003,"ASIA","Asia (excluding China)",0.68,2984.7,8220.34,0.121,0.044,362.54,2065.08,0.304,1138.79,0.382,0.139,32.8623193
2004,"ASIA","Asia (excluding China)",0.69,3189.78,8786.27,0.121,0.044,385.18,2097.97,0.2924,1206.25,0.378,0.137,41.43476397
2005,"ASIA","Asia (excluding China)",0.7,3407.96,9408.14,0.111,0.04,377.56,2130.24,0.2902,1236.53,0.363,0.131,54.59759226
2006,"ASIA","Asia (excluding China)",0.7,3649.14,10086.74,0.105,0.038,384.41,2161.87,0.2864,1281.46,0.351,0.127,63.88739722
2007,"ASIA","Asia (excluding China)",0.71,3925.64,10859.35,0.101,0.037,396.41,2192.93,0.2808,1332.42,0.339,0.123,70.6634311
2008,"ASIA","Asia (excluding China)",0.71,4070.44,11270.34,0.099,0.036,403.19,2223.68,0.2781,1376.1,0.338,0.122,93.78727749
2009,"ASIA","Asia (excluding China)",0.72,4235.49,11793.3,0.099,0.035,417.44,2254.21,0.27,1448.03,0.342,0.123,60.00312488
2010,"ASIA","Asia (excluding China)",0.72,4598.39,12767.02,0.095,0.034,437.46,2284.81,0.2613,1525.91,0.332,0.12,75.82563805
2011,"ASIA","Asia (excluding China)",0.72,4852.83,13474.6,0.091,0.033,443.87,2315.64,0.2635,1551.01,0.32,0.115,99.45770574
2012,"ASIA","Asia (excluding China)",0.73,5105.44,14190.66,0.091,0.033,465.74,2345.83,0.2605,1612.86,0.316,0.114,96.01863557
2013,"ASIA","Asia (excluding China)",0.73,5387.86,15004.52,0.089,0.032,477.59,2376.72,0.2589,1662.27,0.309,0.111,91.85653717
2014,"ASIA","Asia (excluding China)",0.73,5685.26,15871.31,0.087,0.031,495.81,2407.58,0.2526,1741.11,0.306,0.11,82.58092684
2015,"ASIA","Asia (excluding China)",NA,NA,NA,NA,NA,NA,NA,NA,NA,NA,NA,42.64477115
1960,"CHINAREG","China (P.R. of China and Hong Kong, China)",NA,NA,NA,NA,NA,NA,NA,NA,NA,NA,NA,NA
1961,"CHINAREG","China (P.R. of China and Hong Kong, China)",NA,NA,NA,NA,NA,NA,NA,NA,NA,NA,NA,NA
1962,"CHINAREG","China (P.R. of China and Hong Kong, China)",NA,NA,NA,NA,NA,NA,NA,NA,NA,NA,NA,NA
1963,"CHINAREG","China (P.R. of China and Hong Kong, China)",NA,NA,NA,NA,NA,NA,NA,NA,NA,NA,NA,NA
1964,"CHINAREG","China (P.R. of China and Hong Kong, China)",NA,NA,NA,NA,NA,NA,NA,NA,NA,NA,NA,NA
1965,"CHINAREG","China (P.R. of China and Hong Kong, China)",NA,NA,NA,NA,NA,NA,NA,NA,NA,NA,NA,NA
1966,"CHINAREG","China (P.R. of China and Hong Kong, China)",NA,NA,NA,NA,NA,NA,NA,NA,NA,NA,NA,NA
1967,"CHINAREG","China (P.R. of China and Hong Kong, China)",NA,NA,NA,NA,NA,NA,NA,NA,NA,NA,NA,NA
1968,"CHINAREG","China (P.R. of China and Hong Kong, China)",NA,NA,NA,NA,NA,NA,NA,NA,NA,NA,NA,18.17301389
1969,"CHINAREG","China (P.R. of China and Hong Kong, China)",NA,NA,NA,NA,NA,NA,NA,NA,NA,NA,NA,16.63796367
1970,"CHINAREG","China (P.R. of China and Hong Kong, China)",NA,NA,NA,NA,NA,NA,NA,NA,NA,NA,NA,16.63673849
1971,"CHINAREG","China (P.R. of China and Hong Kong, China)",0.6,222.22,439.98,0.189,0.096,42.06,845.15,0.3981,394.06,1.773,0.896,17.06917156
1972,"CHINAREG","China (P.R. of China and Hong Kong, China)",0.61,232.34,459.13,0.208,0.105,48.24,866.15,0.3886,414.47,1.784,0.903,16.79916882
1973,"CHINAREG","China (P.R. of China and Hong Kong, China)",0.62,251.88,497.13,0.219,0.111,55.05,886.18,0.384,429.78,1.706,0.865,20.03943153
1974,"CHINAREG","China (P.R. of China and Hong Kong, China)",0.62,257.71,508.61,0.245,0.124,63.26,904.68,0.3827,441.21,1.712,0.867,55.38161474
1975,"CHINAREG","China (P.R. of China and Hong Kong, China)",0.65,277.56,549.14,0.254,0.128,70.49,920.86,0.3531,487.02,1.755,0.887,56.50621167
1976,"CHINAREG","China (P.R. of China and Hong Kong, China)",0.65,278.71,548.45,0.296,0.15,82.46,935.2,0.3465,503.98,1.808,0.919,51.64717593
1977,"CHINAREG","China (P.R. of China and Hong Kong, China)",0.68,301.4,592.32,0.296,0.15,89.08,948.04,0.3226,549.15,1.822,0.927,52.25864474
1978,"CHINAREG","China (P.R. of China and Hong Kong, China)",0.7,335.74,660.55,0.291,0.148,97.63,960.83,0.3011,595.14,1.773,0.901,48.69920207
1979,"CHINAREG","China (P.R. of China and Hong Kong, China)",0.7,363,713.29,0.264,0.134,95.83,973.94,0.3012,604.39,1.665,0.847,64.81635063
1980,"CHINAREG","China (P.R. of China and Hong Kong, China)",0.69,392.47,770.62,0.237,0.121,93.19,986.3,0.307,602.65,1.536,0.782,89.6272974
1981,"CHINAREG","China (P.R. of China and Hong Kong, China)",0.69,415,813.69,0.214,0.109,88.64,999.07,0.3135,598.65,1.443,0.736,88.97249842
1982,"CHINAREG","China (P.R. of China and Hong Kong, China)",0.69,448.81,881.84,0.195,0.099,87.65,1013.9,0.3084,617.77,1.376,0.701,75.83470746
1983,"CHINAREG","China (P.R. of China and Hong Kong, China)",0.7,494.15,972.43,0.18,0.091,88.74,1028.66,0.301,642.57,1.3,0.661,64.19523548
1984,"CHINAREG","China (P.R. of China and Hong Kong, China)",0.71,565.91,1115.4,0.16,0.081,90.38,1042.22,0.2857,681.3,1.204,0.611,60.59025344
1985,"CHINAREG","China (P.R. of China and Hong Kong, China)",0.72,633.5,1253.39,0.15,0.076,95.33,1056.5,0.2816,697.91,1.102,0.557,54.70411632
1986,"CHINAREG","China (P.R. of China and Hong Kong, China)",0.73,691.57,1367.47,0.146,0.074,101.28,1072.32,0.2748,723.62,1.046,0.529,27.70261183
1987,"CHINAREG","China (P.R. of China and Hong Kong, China)",0.74,773.96,1529.68,0.139,0.07,107.44,1089.63,0.2647,760.98,0.983,0.497,34.81415613
1988,"CHINAREG","China (P.R. of China and Hong Kong, China)",0.75,858.9,1698.89,0.133,0.067,114.49,1107.26,0.2546,802.84,0.935,0.473,26.92359244
1989,"CHINAREG","China (P.R. of China and Hong Kong, China)",0.75,893.2,1767.74,0.133,0.067,119.07,1124.34,0.2538,819.48,0.917,0.464,31.79711973
1990,"CHINAREG","China (P.R. of China and Hong Kong, China)",0.76,928.23,1837.13,0.131,0.066,122,1140.89,0.2404,879.3,0.947,0.479,36.27455601
1991,"CHINAREG","China (P.R. of China and Hong Kong, China)",0.75,1010.55,2002.01,0.122,0.062,123.56,1156.53,0.2488,856.89,0.848,0.428,29.98983071
1992,"CHINAREG","China (P.R. of China and Hong Kong, China)",0.76,1145.97,2275.02,0.118,0.06,135.61,1170.77,0.2423,887.41,0.774,0.39,28.30022643
1993,"CHINAREG","China (P.R. of China and Hong Kong, China)",0.77,1296.64,2579,0.115,0.058,148.56,1184.34,0.2319,939.29,0.724,0.364,24.35254412
1994,"CHINAREG","China (P.R. of China and Hong Kong, China)",0.77,1457.48,2903.63,0.102,0.051,148.49,1197.87,0.2234,983.36,0.675,0.339,22.86046056
1995,"CHINAREG","China (P.R. of China and Hong Kong, China)",0.79,1606.36,3206.41,0.1,0.05,160.45,1211.01,0.2109,1055,0.657,0.329,24.53171457
1996,"CHINAREG","China (P.R. of China and Hong Kong, China)",0.79,1758.15,3513.58,0.099,0.05,174.73,1223.99,0.205,1083.89,0.616,0.308,28.66596882
1997,"CHINAREG","China (P.R. of China and Hong Kong, China)",0.79,1914.57,3829.38,0.102,0.051,194.51,1236.56,0.2058,1082.36,0.565,0.283,25.11747988
1998,"CHINAREG","China (P.R. of China and Hong Kong, China)",0.79,2044.65,4100.74,0.094,0.047,191.56,1248.48,0.2048,1092.79,0.534,0.266,16.14305106
1999,"CHINAREG","China (P.R. of China and Hong Kong, China)",0.8,2193.31,4402.85,0.097,0.048,213.32,1259.34,0.2003,1116.62,0.509,0.254,22.61031598
2000,"CHINAREG","China (P.R. of China and Hong Kong, China)",0.8,2377.1,4772.4,0.096,0.048,227.39,1269.31,0.1961,1148.69,0.483,0.241,35.10868096
2001,"CHINAREG","China (P.R. of China and Hong Kong, China)",0.8,2562.49,5151.25,0.091,0.045,231.92,1278.56,0.1925,1195.47,0.467,0.232,27.09057055
2002,"CHINAREG","China (P.R. of China and Hong Kong, China)",0.81,2783.97,5602.93,0.089,0.044,247.07,1287.14,0.1814,1274.1,0.458,0.227,28.74943021
2003,"CHINAREG","China (P.R. of China and Hong Kong, China)",0.83,3052.01,6148.53,0.09,0.045,274.87,1295.13,0.1589,1454.51,0.477,0.237,32.8623193
2004,"CHINAREG","China (P.R. of China and Hong Kong, China)",0.85,3357.29,6764.82,0.095,0.047,317.99,1302.86,0.1433,1656.3,0.493,0.245,41.43476397
2005,"CHINAREG","China (P.R. of China and Hong Kong, China)",0.86,3731.46,7522.7,0.086,0.043,320.91,1310.53,0.1331,1829.55,0.49,0.243,54.59759226
2006,"CHINAREG","China (P.R. of China and Hong Kong, China)",0.87,4194.25,8461.75,0.082,0.041,343.29,1317.88,0.124,1999.68,0.477,0.236,63.88739722
2007,"CHINAREG","China (P.R. of China and Hong Kong, China)",0.87,4774.01,9640.29,0.075,0.037,358.69,1324.8,0.118,2162.62,0.453,0.224,70.6634311
2008,"CHINAREG","China (P.R. of China and Hong Kong, China)",0.87,5217.32,10544.68,0.07,0.035,366.3,1331.61,0.1195,2229.98,0.427,0.211,93.78727749
2009,"CHINAREG","China (P.R. of China and Hong Kong, China)",0.88,5673.39,11481.15,0.067,0.033,380.43,1338.23,0.1156,2382.25,0.42,0.207,60.00312488
2010,"CHINAREG","China (P.R. of China and Hong Kong, China)",0.88,6268.3,12689.81,0.069,0.034,431.31,1344.73,0.1091,2628.52,0.419,0.207,75.82563805
2011,"CHINAREG","China (P.R. of China and Hong Kong, China)",0.89,6852.14,13877.92,0.065,0.032,445.87,1351.2,0.1029,2819.27,0.411,0.203,99.45770574
2012,"CHINAREG","China (P.R. of China and Hong Kong, China)",0.88,7368.7,14932.5,0.063,0.031,467.56,1357.85,0.1059,2925.23,0.397,0.196,96.01863557
2013,"CHINAREG","China (P.R. of China and Hong Kong, China)",0.88,7923.66,16063.61,0.062,0.03,488.3,1364.57,0.1079,3018.87,0.381,0.188,91.85653717
2014,"CHINAREG","China (P.R. of China and Hong Kong, China)",0.88,8487.61,17213.85,0.06,0.029,507.03,1371.51,0.1119,3065.75,0.361,0.178,82.58092684
2015,"CHINAREG","China (P.R. of China and Hong Kong, China)",NA,NA,NA,NA,NA,NA,NA,NA,NA,NA,NA,42.64477115
1960,"EU28","Memo: European Union-28",NA,NA,NA,NA,NA,NA,NA,NA,NA,NA,NA,NA
1961,"EU28","Memo: European Union-28",NA,NA,NA,NA,NA,NA,NA,NA,NA,NA,NA,NA
1962,"EU28","Memo: European Union-28",NA,NA,NA,NA,NA,NA,NA,NA,NA,NA,NA,NA
1963,"EU28","Memo: European Union-28",NA,NA,NA,NA,NA,NA,NA,NA,NA,NA,NA,NA
1964,"EU28","Memo: European Union-28",NA,NA,NA,NA,NA,NA,NA,NA,NA,NA,NA,NA
1965,"EU28","Memo: European Union-28",NA,NA,NA,NA,NA,NA,NA,NA,NA,NA,NA,NA
1966,"EU28","Memo: European Union-28",NA,NA,NA,NA,NA,NA,NA,NA,NA,NA,NA,NA
1967,"EU28","Memo: European Union-28",NA,NA,NA,NA,NA,NA,NA,NA,NA,NA,NA,NA
1968,"EU28","Memo: European Union-28",NA,NA,NA,NA,NA,NA,NA,NA,NA,NA,NA,18.17301389
1969,"EU28","Memo: European Union-28",NA,NA,NA,NA,NA,NA,NA,NA,NA,NA,NA,16.63796367
1970,"EU28","Memo: European Union-28",NA,NA,NA,NA,NA,NA,NA,NA,NA,NA,NA,16.63673849
1971,"EU28","Memo: European Union-28",NA,NA,NA,NA,NA,NA,NA,NA,NA,NA,NA,17.06917156
1972,"EU28","Memo: European Union-28",NA,NA,NA,NA,NA,NA,NA,NA,NA,NA,NA,16.79916882
1973,"EU28","Memo: European Union-28",NA,NA,NA,NA,NA,NA,NA,NA,NA,NA,NA,20.03943153
1974,"EU28","Memo: European Union-28",NA,NA,NA,NA,NA,NA,NA,NA,NA,NA,NA,55.38161474
1975,"EU28","Memo: European Union-28",NA,NA,NA,NA,NA,NA,NA,NA,NA,NA,NA,56.50621167
1976,"EU28","Memo: European Union-28",NA,NA,NA,NA,NA,NA,NA,NA,NA,NA,NA,51.64717593
1977,"EU28","Memo: European Union-28",NA,NA,NA,NA,NA,NA,NA,NA,NA,NA,NA,52.25864474
1978,"EU28","Memo: European Union-28",NA,NA,NA,NA,NA,NA,NA,NA,NA,NA,NA,48.69920207
1979,"EU28","Memo: European Union-28",NA,NA,NA,NA,NA,NA,NA,NA,NA,NA,NA,64.81635063
1980,"EU28","Memo: European Union-28",NA,NA,NA,NA,NA,NA,NA,NA,NA,NA,NA,89.6272974
1981,"EU28","Memo: European Union-28",NA,NA,NA,NA,NA,NA,NA,NA,NA,NA,NA,88.97249842
1982,"EU28","Memo: European Union-28",NA,NA,NA,NA,NA,NA,NA,NA,NA,NA,NA,75.83470746
1983,"EU28","Memo: European Union-28",NA,NA,NA,NA,NA,NA,NA,NA,NA,NA,NA,64.19523548
1984,"EU28","Memo: European Union-28",NA,NA,NA,NA,NA,NA,NA,NA,NA,NA,NA,60.59025344
1985,"EU28","Memo: European Union-28",NA,NA,NA,NA,NA,NA,NA,NA,NA,NA,NA,54.70411632
1986,"EU28","Memo: European Union-28",NA,NA,NA,NA,NA,NA,NA,NA,NA,NA,NA,27.70261183
1987,"EU28","Memo: European Union-28",NA,NA,NA,NA,NA,NA,NA,NA,NA,NA,NA,34.81415613
1988,"EU28","Memo: European Union-28",NA,NA,NA,NA,NA,NA,NA,NA,NA,NA,NA,26.92359244
1989,"EU28","Memo: European Union-28",NA,NA,NA,NA,NA,NA,NA,NA,NA,NA,NA,31.79711973
1990,"EU28","Memo: European Union-28",0.83,11889.21,11717.08,0.051,0.052,605.39,477.95,0.0437,1644.95,0.138,0.14,36.27455601
1991,"EU28","Memo: European Union-28",0.82,12015.9,11780.78,0.051,0.052,612.31,479.03,0.0454,1647.43,0.137,0.14,29.98983071
1992,"EU28","Memo: European Union-28",0.81,12105.04,11832.4,0.05,0.051,606.41,480.24,0.0477,1608.58,0.133,0.136,28.30022643
1993,"EU28","Memo: European Union-28",0.81,12072.29,11798.86,0.05,0.051,604.3,481.61,0.0506,1606.3,0.133,0.136,24.35254412
1994,"EU28","Memo: European Union-28",0.8,12416.61,12136.76,0.049,0.05,606.83,482.49,0.0514,1599.6,0.129,0.132,22.86046056
1995,"EU28","Memo: European Union-28",0.8,12756.19,12485.18,0.049,0.05,625.8,483.33,0.0512,1648.35,0.129,0.132,24.53171457
1996,"EU28","Memo: European Union-28",0.8,13013.02,12749.02,0.049,0.05,638.37,483.94,0.0518,1705.69,0.131,0.134,28.66596882
1997,"EU28","Memo: European Union-28",0.8,13373.71,13100.54,0.047,0.048,634.66,484.72,0.0542,1688.75,0.126,0.129,25.11747988
1998,"EU28","Memo: European Union-28",0.8,13776.12,13491.84,0.047,0.048,648.27,485.29,0.0554,1698.36,0.123,0.126,16.14305106
1999,"EU28","Memo: European Union-28",0.79,14190.35,13888.24,0.045,0.046,638.32,486.15,0.0561,1684.23,0.119,0.121,22.61031598
2000,"EU28","Memo: European Union-28",0.79,14742.61,14429.39,0.042,0.043,624.68,487.12,0.058,1694.97,0.115,0.117,35.10868096
2001,"EU28","Memo: European Union-28",0.79,15072.14,14762.32,0.043,0.043,640.61,487.95,0.0585,1735.02,0.115,0.118,27.09057055
2002,"EU28","Memo: European Union-28",0.79,15275.71,14978.8,0.042,0.043,637.28,489.24,0.0577,1732.43,0.113,0.116,28.74943021
2003,"EU28","Memo: European Union-28",0.79,15476.3,15199.94,0.041,0.042,639.75,491.04,0.0607,1769.11,0.114,0.116,32.8623193
2004,"EU28","Memo: European Union-28",0.79,15872.5,15610.89,0.04,0.041,640.91,492.9,0.0636,1787.51,0.113,0.115,41.43476397
2005,"EU28","Memo: European Union-28",0.78,16204.82,15957.38,0.039,0.04,639.13,494.99,0.0675,1793.31,0.111,0.112,54.59759226
2006,"EU28","Memo: European Union-28",0.78,16753.37,16523.38,0.038,0.038,634.37,496.77,0.0713,1800.28,0.107,0.109,63.88739722
2007,"EU28","Memo: European Union-28",0.78,17275.59,17067.62,0.035,0.036,613.14,498.68,0.0781,1769.77,0.102,0.104,70.6634311
2008,"EU28","Memo: European Union-28",0.77,17362.32,17187.62,0.035,0.035,608.41,500.63,0.084,1762.25,0.101,0.103,93.78727749
2009,"EU28","Memo: European Union-28",0.76,16599.98,16440.55,0.035,0.035,574.07,502.09,0.0942,1660.33,0.1,0.101,60.00312488
2010,"EU28","Memo: European Union-28",0.75,16945.4,16771.39,0.034,0.034,570.4,503.65,0.1008,1725.19,0.102,0.103,75.82563805
2011,"EU28","Memo: European Union-28",0.75,17243.8,17066.37,0.032,0.032,547.79,504.77,0.1031,1658.17,0.096,0.097,99.45770574
2012,"EU28","Memo: European Union-28",0.74,17161.55,16985.3,0.031,0.031,527.17,505.96,0.1138,1645.25,0.096,0.097,96.01863557
2013,"EU28","Memo: European Union-28",0.73,17195.93,17025.42,0.03,0.03,512.52,506.94,0.1216,1626.36,0.095,0.096,91.85653717
2014,"EU28","Memo: European Union-28",0.72,17426.82,17267.95,0.029,0.029,508.99,508.13,0.1286,1564.97,0.09,0.091,82.58092684
2015,"EU28","Memo: European Union-28",NA,NA,NA,NA,NA,NA,NA,NA,NA,NA,NA,42.64477115
1960,"G20","Memo: G20",NA,NA,NA,NA,NA,NA,NA,NA,NA,NA,NA,NA
1961,"G20","Memo: G20",NA,NA,NA,NA,NA,NA,NA,NA,NA,NA,NA,NA
1962,"G20","Memo: G20",NA,NA,NA,NA,NA,NA,NA,NA,NA,NA,NA,NA
1963,"G20","Memo: G20",NA,NA,NA,NA,NA,NA,NA,NA,NA,NA,NA,NA
1964,"G20","Memo: G20",NA,NA,NA,NA,NA,NA,NA,NA,NA,NA,NA,NA
1965,"G20","Memo: G20",NA,NA,NA,NA,NA,NA,NA,NA,NA,NA,NA,NA
1966,"G20","Memo: G20",NA,NA,NA,NA,NA,NA,NA,NA,NA,NA,NA,NA
1967,"G20","Memo: G20",NA,NA,NA,NA,NA,NA,NA,NA,NA,NA,NA,NA
1968,"G20","Memo: G20",NA,NA,NA,NA,NA,NA,NA,NA,NA,NA,NA,18.17301389
1969,"G20","Memo: G20",NA,NA,NA,NA,NA,NA,NA,NA,NA,NA,NA,16.63796367
1970,"G20","Memo: G20",NA,NA,NA,NA,NA,NA,NA,NA,NA,NA,NA,16.63673849
1971,"G20","Memo: G20",0.84,9775.26,10727.01,0.123,0.112,1202.08,2151.52,0.151,2864.59,0.293,0.267,17.06917156
1972,"G20","Memo: G20",0.85,10381.34,11378.37,0.125,0.114,1298.3,2199.99,0.148,3014.12,0.29,0.265,16.79916882
1973,"G20","Memo: G20",0.85,11096.27,12182.28,0.126,0.115,1399.82,2248.97,0.144,3166.86,0.285,0.26,20.03943153
1974,"G20","Memo: G20",0.84,11233.7,12438.74,0.123,0.111,1376.5,2295.93,0.149,3168.27,0.282,0.255,55.38161474
1975,"G20","Memo: G20",0.83,11442.04,12738.82,0.12,0.108,1374.06,2340.96,0.15,3185.11,0.278,0.25,56.50621167
1976,"G20","Memo: G20",0.83,12030.96,13391.41,0.123,0.11,1476.85,2384.13,0.145,3367.68,0.28,0.251,51.64717593
1977,"G20","Memo: G20",0.84,12579.35,14042.57,0.125,0.112,1569.43,2426.13,0.14,3515.72,0.279,0.25,52.25864474
1978,"G20","Memo: G20",0.83,13224.09,14765.1,0.122,0.109,1614.61,2468.54,0.14,3655.97,0.276,0.248,48.69920207
1979,"G20","Memo: G20",0.83,13794.86,15396.23,0.117,0.105,1610.3,2511.99,0.142,3729.6,0.27,0.242,64.81635063
1980,"G20","Memo: G20",0.83,14104.71,15847.17,0.108,0.096,1517.02,2555.88,0.147,3689.07,0.262,0.233,89.6272974
1981,"G20","Memo: G20",0.82,14522.38,16351.31,0.1,0.088,1445,2600.18,0.15,3654.92,0.252,0.224,88.97249842
1982,"G20","Memo: G20",0.81,14486.36,16324.62,0.097,0.086,1410.31,2647.08,0.155,3628.36,0.25,0.222,75.83470746
1983,"G20","Memo: G20",0.81,14973.7,16867.41,0.093,0.083,1394.44,2694.15,0.158,3668.02,0.245,0.217,64.19523548
1984,"G20","Memo: G20",0.81,15901.1,17911.74,0.089,0.079,1418.72,2740.06,0.156,3847.12,0.242,0.215,60.59025344
1985,"G20","Memo: G20",0.8,16670.7,18760.9,0.085,0.076,1417.26,2786.67,0.155,3917.34,0.235,0.209,54.70411632
1986,"G20","Memo: G20",0.8,17297.26,19524.36,0.084,0.075,1461.34,2834.67,0.155,3984.67,0.23,0.204,27.70261183
1987,"G20","Memo: G20",0.8,18016.06,20368.24,0.084,0.074,1508.86,2883.9,0.152,4159.33,0.231,0.204,34.81415613
1988,"G20","Memo: G20",0.8,18904.55,21420.44,0.083,0.074,1577.66,2933.42,0.146,4349.75,0.23,0.203,26.92359244
1989,"G20","Memo: G20",0.8,19642.61,22257.48,0.082,0.072,1611.15,2982.51,0.146,4448.49,0.226,0.2,31.79711973
1990,"G20","Memo: G20",0.82,33507.6,37390.36,0.074,0.066,2483.3,3657.56,0.107,7063.74,0.211,0.189,36.27455601
1991,"G20","Memo: G20",0.82,33933.53,37875.46,0.073,0.066,2484.82,3707.26,0.108,7101.56,0.209,0.187,29.98983071
1992,"G20","Memo: G20",0.82,34508.51,38513.96,0.073,0.065,2503.33,3755.31,0.109,7110.11,0.206,0.185,28.30022643
1993,"G20","Memo: G20",0.81,35043.49,39252.95,0.072,0.065,2534.96,3802.43,0.109,7214.6,0.206,0.184,24.35254412
1994,"G20","Memo: G20",0.81,36127.39,40528.19,0.07,0.063,2533.05,3848.7,0.109,7269.38,0.201,0.179,22.86046056
1995,"G20","Memo: G20",0.81,37168.7,41835.93,0.07,0.062,2585.56,3895.03,0.108,7470.9,0.201,0.179,24.53171457
1996,"G20","Memo: G20",0.81,38362.88,43370.09,0.069,0.061,2660.04,3940.77,0.107,7673.24,0.2,0.177,28.66596882
1997,"G20","Memo: G20",0.81,39785.69,45116.87,0.068,0.06,2706.82,3986.44,0.107,7711.53,0.194,0.171,25.11747988
1998,"G20","Memo: G20",0.81,40779.1,46226.15,0.067,0.059,2717.18,4031.14,0.107,7735.77,0.19,0.167,16.14305106
1999,"G20","Memo: G20",0.81,42175.24,47963.62,0.066,0.058,2777.67,4074.77,0.106,7899.31,0.187,0.165,22.61031598
2000,"G20","Memo: G20",0.81,43973.51,50194.26,0.064,0.056,2801.03,4117.48,0.104,8082.56,0.184,0.161,35.10868096
2001,"G20","Memo: G20",0.81,44819.88,51377.96,0.063,0.055,2827.26,4158.99,0.103,8137.49,0.182,0.158,27.09057055
2002,"G20","Memo: G20",0.82,45778.33,52754.8,0.062,0.054,2836.76,4199.74,0.103,8283.21,0.181,0.157,28.74943021
2003,"G20","Memo: G20",0.82,47075.7,54665.14,0.062,0.053,2903.49,4240.08,0.102,8583.13,0.182,0.157,32.8623193
2004,"G20","Memo: G20",0.82,48963.23,57276.75,0.061,0.052,2995.22,4279.81,0.101,8957.1,0.183,0.156,41.43476397
2005,"G20","Memo: G20",0.82,50729.41,59876.86,0.059,0.05,3008.08,4319.47,0.101,9199.62,0.181,0.154,54.59759226
2006,"G20","Memo: G20",0.82,52818.18,62947.17,0.057,0.048,3021.8,4358.72,0.101,9447.92,0.179,0.15,63.88739722
2007,"G20","Memo: G20",0.83,54959.82,66252.45,0.055,0.046,3021.88,4397.91,0.102,9694.67,0.176,0.146,70.6634311
2008,"G20","Memo: G20",0.82,55805.55,67961.03,0.054,0.044,2996.41,4437.25,0.105,9775.18,0.175,0.144,93.78727749
2009,"G20","Memo: G20",0.82,54706.11,67579.16,0.054,0.043,2932.24,4475.54,0.108,9713.41,0.178,0.144,60.00312488
2010,"G20","Memo: G20",0.82,57020.16,71095.22,0.053,0.042,3020.33,4513.22,0.107,10257.01,0.18,0.144,75.82563805
2011,"G20","Memo: G20",0.83,58774.96,74016.21,0.051,0.041,3019.93,4549.95,0.108,10405.92,0.177,0.141,99.45770574
2012,"G20","Memo: G20",0.83,60074.35,76257.73,0.051,0.04,3079.67,4586.61,0.11,10560.07,0.176,0.138,96.01863557
2013,"G20","Memo: G20",0.83,61437.83,78650.45,0.05,0.039,3053.2,4622.92,0.114,10684.42,0.174,0.136,91.85653717
2014,"G20","Memo: G20",0.82,63017.1,81298.56,0.049,0.038,3108.25,4659.38,0.116,10783.23,0.171,0.133,82.58092684
2015,"G20","Memo: G20",NA,NA,NA,NA,NA,NA,NA,NA,NA,NA,NA,42.64477115
1960,"G7","Memo: G7",NA,NA,NA,NA,NA,NA,NA,NA,NA,NA,NA,NA
1961,"G7","Memo: G7",NA,NA,NA,NA,NA,NA,NA,NA,NA,NA,NA,NA
1962,"G7","Memo: G7",NA,NA,NA,NA,NA,NA,NA,NA,NA,NA,NA,NA
1963,"G7","Memo: G7",NA,NA,NA,NA,NA,NA,NA,NA,NA,NA,NA,NA
1964,"G7","Memo: G7",NA,NA,NA,NA,NA,NA,NA,NA,NA,NA,NA,NA
1965,"G7","Memo: G7",NA,NA,NA,NA,NA,NA,NA,NA,NA,NA,NA,NA
1966,"G7","Memo: G7",NA,NA,NA,NA,NA,NA,NA,NA,NA,NA,NA,NA
1967,"G7","Memo: G7",NA,NA,NA,NA,NA,NA,NA,NA,NA,NA,NA,NA
1968,"G7","Memo: G7",NA,NA,NA,NA,NA,NA,NA,NA,NA,NA,NA,18.17301389
1969,"G7","Memo: G7",NA,NA,NA,NA,NA,NA,NA,NA,NA,NA,NA,16.63796367
1970,"G7","Memo: G7",NA,NA,NA,NA,NA,NA,NA,NA,NA,NA,NA,16.63673849
1971,"G7","Memo: G7",0.95,12108.87,11299.29,0.117,0.125,1412.54,575.42,0.04,2774.04,0.229,0.246,17.06917156
1972,"G7","Memo: G7",0.95,12759.96,11897.3,0.119,0.128,1523.31,580.65,0.04,2910.4,0.228,0.245,16.79916882
1973,"G7","Memo: G7",0.95,13556.13,12631.52,0.12,0.129,1623.51,586.59,0.038,3061.67,0.226,0.242,20.03943153
1974,"G7","Memo: G7",0.94,13620.98,12691.76,0.114,0.122,1553.84,591.11,0.041,3009.99,0.221,0.237,55.38161474
1975,"G7","Memo: G7",0.93,13623.52,12681.6,0.11,0.118,1500.66,595.16,0.042,2919.15,0.214,0.23,56.50621167
1976,"G7","Memo: G7",0.93,14295.8,13313.36,0.112,0.12,1603.23,598.95,0.041,3105.21,0.217,0.233,51.64717593
1977,"G7","Memo: G7",0.92,14856.52,13836.33,0.112,0.12,1659.94,602.85,0.04,3174.03,0.214,0.229,52.25864474
1978,"G7","Memo: G7",0.92,15549.88,14483.23,0.109,0.117,1690.33,606.81,0.042,3259.67,0.21,0.225,48.69920207
1979,"G7","Memo: G7",0.92,16175.21,15057.7,0.104,0.111,1677.7,610.97,0.043,3323.91,0.205,0.221,64.81635063
1980,"G7","Memo: G7",0.91,16325.69,15184.69,0.094,0.101,1536.88,615.52,0.046,3219.35,0.197,0.212,89.6272974
1981,"G7","Memo: G7",0.9,16671.64,15498.38,0.086,0.092,1426.6,619.48,0.048,3132.05,0.188,0.202,88.97249842
1982,"G7","Memo: G7",0.89,16679.91,15483.11,0.082,0.088,1364.95,623.03,0.051,3030.69,0.182,0.196,75.83470746
1983,"G7","Memo: G7",0.88,17219.31,15991.26,0.078,0.084,1344.32,626.33,0.054,3035.32,0.176,0.19,64.19523548
1984,"G7","Memo: G7",0.87,18066.21,16791.03,0.076,0.082,1376.26,629.51,0.055,3164.43,0.175,0.188,60.59025344
1985,"G7","Memo: G7",0.86,18801.49,17464.37,0.072,0.078,1353.58,632.86,0.054,3221.04,0.171,0.184,54.70411632
1986,"G7","Memo: G7",0.85,19365.51,17992.68,0.072,0.077,1389.93,636.35,0.055,3232.96,0.167,0.18,27.70261183
1987,"G7","Memo: G7",0.85,20029.95,18606.01,0.07,0.076,1409.99,639.9,0.055,3334.62,0.166,0.179,34.81415613
1988,"G7","Memo: G7",0.85,21009.5,19499.26,0.069,0.075,1456.44,643.83,0.052,3447.95,0.164,0.177,26.92359244
1989,"G7","Memo: G7",0.85,21832.49,20253.6,0.067,0.073,1471.32,648.21,0.051,3505.09,0.161,0.173,31.79711973
1990,"G7","Memo: G7",0.84,22470.27,20825.18,0.064,0.07,1448.93,653.03,0.05,3492.73,0.155,0.168,36.27455601
1991,"G7","Memo: G7",0.84,22751.02,21068.28,0.063,0.068,1436.5,658.38,0.052,3528.58,0.155,0.167,29.98983071
1992,"G7","Memo: G7",0.83,23225.04,21525.48,0.063,0.068,1463.39,663.55,0.053,3570.45,0.154,0.166,28.30022643
1993,"G7","Memo: G7",0.83,23505.89,21801.06,0.063,0.068,1475.36,668.46,0.052,3617,0.154,0.166,24.35254412
1994,"G7","Memo: G7",0.83,24199.13,22464.14,0.062,0.067,1498.93,672.71,0.051,3676.4,0.152,0.164,22.86046056
1995,"G7","Memo: G7",0.83,24779.09,23007.96,0.061,0.066,1507.55,677,0.052,3743.9,0.151,0.163,24.53171457
1996,"G7","Memo: G7",0.83,25437.49,23628.12,0.061,0.065,1543.57,681.24,0.053,3838.81,0.151,0.162,28.66596882
1997,"G7","Memo: G7",0.83,26236.67,24389.72,0.059,0.064,1555.83,685.52,0.052,3853.06,0.147,0.158,25.11747988
1998,"G7","Memo: G7",0.83,26903.54,25054.56,0.058,0.063,1568.44,689.63,0.051,3872.23,0.144,0.155,16.14305106
1999,"G7","Memo: G7",0.83,27726.59,25853.44,0.057,0.061,1579.16,693.8,0.05,3940.12,0.142,0.152,22.61031598
2000,"G7","Memo: G7",0.83,28731.17,26801.67,0.055,0.059,1580.53,698.07,0.05,4027.92,0.14,0.15,35.10868096
2001,"G7","Memo: G7",0.83,29089.06,27139.12,0.055,0.059,1592,702.31,0.046,3993.33,0.137,0.147,27.09057055
2002,"G7","Memo: G7",0.83,29458.82,27492.68,0.054,0.057,1576.63,706.52,0.047,4007.58,0.136,0.146,28.74943021
2003,"G7","Memo: G7",0.83,30009.86,28015.49,0.053,0.057,1604.91,710.7,0.05,4037.15,0.135,0.144,32.8623193
2004,"G7","Memo: G7",0.83,30879.41,28837.39,0.053,0.056,1627.28,714.85,0.051,4112.61,0.133,0.143,41.43476397
2005,"G7","Memo: G7",0.82,31614.32,29539.2,0.051,0.055,1622.56,719.06,0.053,4126.35,0.131,0.14,54.59759226
2006,"G7","Memo: G7",0.82,32415.49,30296.02,0.049,0.053,1591.4,723.23,0.055,4100.01,0.126,0.135,63.88739722
2007,"G7","Memo: G7",0.82,33096.63,30928.55,0.047,0.05,1557.96,727.63,0.057,4107.22,0.124,0.133,70.6634311
2008,"G7","Memo: G7",0.82,33017.58,30858.47,0.045,0.048,1491.72,731.99,0.06,4029.17,0.122,0.131,93.78727749
2009,"G7","Memo: G7",0.81,31747.25,29690.88,0.044,0.048,1411.64,735.88,0.065,3827.22,0.121,0.129,60.00312488
2010,"G7","Memo: G7",0.81,32669.13,30536.06,0.043,0.046,1414.76,739.7,0.067,3943.25,0.121,0.129,75.82563805
2011,"G7","Memo: G7",0.81,33174.24,31022.33,0.042,0.045,1390.67,743.26,0.072,3841.67,0.116,0.124,99.45770574
2012,"G7","Memo: G7",0.82,33624.73,31446.68,0.041,0.044,1376.91,746.87,0.077,3795.77,0.113,0.121,96.01863557
2013,"G7","Memo: G7",0.81,34014.96,31810.06,0.04,0.043,1353.91,750.61,0.081,3826.61,0.112,0.12,91.85653717
2014,"G7","Memo: G7",0.81,34566.17,32347.15,0.039,0.042,1353.02,754.38,0.084,3812.72,0.11,0.118,82.58092684
2015,"G7","Memo: G7",NA,NA,NA,NA,NA,NA,NA,NA,NA,NA,NA,42.64477115
1960,"G8","Memo: G8",NA,NA,NA,NA,NA,NA,NA,NA,NA,NA,NA,NA
1961,"G8","Memo: G8",NA,NA,NA,NA,NA,NA,NA,NA,NA,NA,NA,NA
1962,"G8","Memo: G8",NA,NA,NA,NA,NA,NA,NA,NA,NA,NA,NA,NA
1963,"G8","Memo: G8",NA,NA,NA,NA,NA,NA,NA,NA,NA,NA,NA,NA
1964,"G8","Memo: G8",NA,NA,NA,NA,NA,NA,NA,NA,NA,NA,NA,NA
1965,"G8","Memo: G8",NA,NA,NA,NA,NA,NA,NA,NA,NA,NA,NA,NA
1966,"G8","Memo: G8",NA,NA,NA,NA,NA,NA,NA,NA,NA,NA,NA,NA
1967,"G8","Memo: G8",NA,NA,NA,NA,NA,NA,NA,NA,NA,NA,NA,NA
1968,"G8","Memo: G8",NA,NA,NA,NA,NA,NA,NA,NA,NA,NA,NA,18.17301389
1969,"G8","Memo: G8",NA,NA,NA,NA,NA,NA,NA,NA,NA,NA,NA,16.63796367
1970,"G8","Memo: G8",NA,NA,NA,NA,NA,NA,NA,NA,NA,NA,NA,16.63673849
1971,"G8","Memo: G8",0.95,12108.87,11299.29,0.117,0.125,1412.54,575.42,0.04,2774.04,0.229,0.246,17.06917156
1972,"G8","Memo: G8",0.95,12759.96,11897.3,0.119,0.128,1523.31,580.65,0.04,2910.4,0.228,0.245,16.79916882
1973,"G8","Memo: G8",0.95,13556.13,12631.52,0.12,0.129,1623.51,586.59,0.038,3061.67,0.226,0.242,20.03943153
1974,"G8","Memo: G8",0.94,13620.98,12691.76,0.114,0.122,1553.84,591.11,0.041,3009.99,0.221,0.237,55.38161474
1975,"G8","Memo: G8",0.93,13623.52,12681.6,0.11,0.118,1500.66,595.16,0.042,2919.15,0.214,0.23,56.50621167
1976,"G8","Memo: G8",0.93,14295.8,13313.36,0.112,0.12,1603.23,598.95,0.041,3105.21,0.217,0.233,51.64717593
1977,"G8","Memo: G8",0.92,14856.52,13836.33,0.112,0.12,1659.94,602.85,0.04,3174.03,0.214,0.229,52.25864474
1978,"G8","Memo: G8",0.92,15549.88,14483.23,0.109,0.117,1690.33,606.81,0.042,3259.67,0.21,0.225,48.69920207
1979,"G8","Memo: G8",0.92,16175.21,15057.7,0.104,0.111,1677.7,610.97,0.043,3323.91,0.205,0.221,64.81635063
1980,"G8","Memo: G8",0.91,16325.69,15184.69,0.094,0.101,1536.88,615.52,0.046,3219.35,0.197,0.212,89.6272974
1981,"G8","Memo: G8",0.9,16671.64,15498.38,0.086,0.092,1426.6,619.48,0.048,3132.05,0.188,0.202,88.97249842
1982,"G8","Memo: G8",0.89,16679.91,15483.11,0.082,0.088,1364.95,623.03,0.051,3030.69,0.182,0.196,75.83470746
1983,"G8","Memo: G8",0.88,17219.31,15991.26,0.078,0.084,1344.32,626.33,0.054,3035.32,0.176,0.19,64.19523548
1984,"G8","Memo: G8",0.87,18066.21,16791.03,0.076,0.082,1376.26,629.51,0.055,3164.43,0.175,0.188,60.59025344
1985,"G8","Memo: G8",0.86,18801.49,17464.37,0.072,0.078,1353.58,632.86,0.054,3221.04,0.171,0.184,54.70411632
1986,"G8","Memo: G8",0.85,19365.51,17992.68,0.072,0.077,1389.93,636.35,0.055,3232.96,0.167,0.18,27.70261183
1987,"G8","Memo: G8",0.85,20029.95,18606.01,0.07,0.076,1409.99,639.9,0.055,3334.62,0.166,0.179,34.81415613
1988,"G8","Memo: G8",0.85,21009.5,19499.26,0.069,0.075,1456.44,643.83,0.052,3447.95,0.164,0.177,26.92359244
1989,"G8","Memo: G8",0.85,21832.49,20253.6,0.067,0.073,1471.32,648.21,0.051,3505.09,0.161,0.173,31.79711973
1990,"G8","Memo: G8",0.86,23884.16,23540.11,0.072,0.073,1712.71,801.32,0.046,4371.9,0.183,0.186,36.27455601
1991,"G8","Memo: G8",0.85,24093.55,23646.19,0.07,0.072,1696.61,807,0.047,4399.69,0.183,0.186,29.98983071
1992,"G8","Memo: G8",0.85,24372.49,23728.8,0.069,0.071,1678.42,812.24,0.049,4366.09,0.179,0.184,28.30022643
1993,"G8","Memo: G8",0.85,24553.87,23813.37,0.068,0.07,1671.5,816.98,0.048,4368.18,0.178,0.183,24.35254412
1994,"G8","Memo: G8",0.84,25115.38,24223.51,0.066,0.068,1646.79,821.05,0.048,4333.35,0.173,0.179,22.86046056
1995,"G8","Memo: G8",0.84,25657.37,24694.43,0.064,0.067,1650.26,825.38,0.049,4380.53,0.171,0.177,24.53171457
1996,"G8","Memo: G8",0.84,26284.16,25253.88,0.064,0.066,1677.56,829.4,0.049,4468.88,0.17,0.177,28.66596882
1997,"G8","Memo: G8",0.84,27095.19,26038.24,0.062,0.065,1682.05,833.43,0.049,4455.03,0.164,0.171,25.11747988
1998,"G8","Memo: G8",0.84,27716.56,26615.71,0.061,0.063,1688.99,837.3,0.048,4460.18,0.161,0.168,16.14305106
1999,"G8","Memo: G8",0.84,28591.65,27514.5,0.06,0.062,1702.67,841.01,0.048,4549.11,0.159,0.165,22.61031598
2000,"G8","Memo: G8",0.84,29682.73,28628.84,0.057,0.06,1706.64,844.67,0.047,4647.19,0.157,0.162,35.10868096
2001,"G8","Memo: G8",0.84,30089.07,29059.33,0.057,0.059,1720.95,848.28,0.044,4619.33,0.154,0.159,27.09057055
2002,"G8","Memo: G8",0.84,30506.27,29503.98,0.056,0.058,1700.94,851.83,0.045,4630.68,0.152,0.157,28.74943021
2003,"G8","Memo: G8",0.84,31133.73,30173.53,0.056,0.057,1732.34,855.35,0.046,4682.47,0.15,0.155,32.8623193
2004,"G8","Memo: G8",0.84,32083.93,31150.28,0.055,0.056,1754.14,858.91,0.048,4760,0.148,0.153,41.43476397
2005,"G8","Memo: G8",0.84,32895.65,31999.58,0.053,0.055,1751.75,862.58,0.049,4778.06,0.145,0.149,54.59759226
2006,"G8","Memo: G8",0.83,33801.29,32956.99,0.051,0.052,1725.2,866.28,0.051,4770.68,0.141,0.145,63.88739722
2007,"G8","Memo: G8",0.84,34600.7,33816.65,0.049,0.05,1690.35,870.43,0.053,4779.81,0.138,0.141,70.6634311
2008,"G8","Memo: G8",0.83,34600.59,33898.13,0.047,0.048,1634.85,874.73,0.055,4717.63,0.136,0.139,93.78727749
2009,"G8","Memo: G8",0.82,33206.44,32492.81,0.047,0.048,1549.57,878.66,0.06,4474.23,0.135,0.138,60.00312488
2010,"G8","Memo: G8",0.82,34194.04,33464.19,0.045,0.046,1553.84,882.55,0.061,4631.65,0.135,0.138,75.82563805
2011,"G8","Memo: G8",0.83,34764.18,34075.31,0.045,0.045,1548.04,886.22,0.065,4563.54,0.131,0.134,99.45770574
2012,"G8","Memo: G8",0.83,35268.81,34603.64,0.044,0.045,1544.7,890.07,0.068,4535.69,0.129,0.131,96.01863557
2013,"G8","Memo: G8",0.83,35681.09,35009.34,0.042,0.043,1512.29,894.11,0.072,4555.43,0.128,0.13,91.85653717
2014,"G8","Memo: G8",0.82,36242.97,35566.92,0.042,0.043,1519.23,898.2,0.075,4523.6,0.125,0.127,82.58092684
2015,"G8","Memo: G8",NA,NA,NA,NA,NA,NA,NA,NA,NA,NA,NA,42.64477115
1960,"OTO","Memo: OECD Total",NA,NA,NA,NA,NA,NA,NA,NA,NA,NA,NA,NA
1961,"OTO","Memo: OECD Total",NA,NA,NA,NA,NA,NA,NA,NA,NA,NA,NA,NA
1962,"OTO","Memo: OECD Total",NA,NA,NA,NA,NA,NA,NA,NA,NA,NA,NA,NA
1963,"OTO","Memo: OECD Total",NA,NA,NA,NA,NA,NA,NA,NA,NA,NA,NA,NA
1964,"OTO","Memo: OECD Total",NA,NA,NA,NA,NA,NA,NA,NA,NA,NA,NA,NA
1965,"OTO","Memo: OECD Total",NA,NA,NA,NA,NA,NA,NA,NA,NA,NA,NA,NA
1966,"OTO","Memo: OECD Total",NA,NA,NA,NA,NA,NA,NA,NA,NA,NA,NA,NA
1967,"OTO","Memo: OECD Total",NA,NA,NA,NA,NA,NA,NA,NA,NA,NA,NA,NA
1968,"OTO","Memo: OECD Total",NA,NA,NA,NA,NA,NA,NA,NA,NA,NA,NA,18.17301389
1969,"OTO","Memo: OECD Total",NA,NA,NA,NA,NA,NA,NA,NA,NA,NA,NA,16.63796367
1970,"OTO","Memo: OECD Total",NA,NA,NA,NA,NA,NA,NA,NA,NA,NA,NA,16.63673849
1971,"OTO","Memo: OECD Total",0.94,15833.08,15160.99,0.108,0.113,1707.52,898.43,0.0482,3372.25,0.213,0.222,17.06917156
1972,"OTO","Memo: OECD Total",0.94,16690.93,15992.01,0.11,0.115,1837.77,908.78,0.0478,3543.64,0.212,0.222,16.79916882
1973,"OTO","Memo: OECD Total",0.94,17716.62,16978.49,0.111,0.116,1967.47,919.75,0.046,3740.45,0.211,0.22,20.03943153
1974,"OTO","Memo: OECD Total",0.93,17928.81,17210.18,0.106,0.11,1892.68,929.53,0.0493,3694.69,0.206,0.215,55.38161474
1975,"OTO","Memo: OECD Total",0.93,17988.5,17289.46,0.102,0.107,1843.27,939.03,0.0499,3617.44,0.201,0.209,56.50621167
1976,"OTO","Memo: OECD Total",0.93,18832.1,18115.88,0.105,0.109,1973.57,947.97,0.0477,3848.6,0.204,0.212,51.64717593
1977,"OTO","Memo: OECD Total",0.92,19512.74,18781.4,0.105,0.109,2040.01,956.93,0.0476,3942.69,0.202,0.21,52.25864474
1978,"OTO","Memo: OECD Total",0.91,20354.8,19602.4,0.103,0.107,2089.32,965.88,0.0493,4064.07,0.2,0.207,48.69920207
1979,"OTO","Memo: OECD Total",0.91,21130.98,20341.49,0.099,0.103,2086.97,974.96,0.0506,4164,0.197,0.205,64.81635063
1980,"OTO","Memo: OECD Total",0.91,21425.23,20622.36,0.091,0.094,1945.54,984.9,0.0525,4067.67,0.19,0.197,89.6272974
1981,"OTO","Memo: OECD Total",0.9,21847.3,21031.51,0.083,0.086,1817.14,993.72,0.0548,3966.66,0.182,0.189,88.97249842
1982,"OTO","Memo: OECD Total",0.89,21873.29,21036.49,0.08,0.083,1744.02,1002.1,0.0581,3872.54,0.177,0.184,75.83470746
1983,"OTO","Memo: OECD Total",0.88,22511.63,21636.16,0.076,0.079,1707.52,1010.13,0.0612,3877.85,0.172,0.179,64.19523548
1984,"OTO","Memo: OECD Total",0.87,23550.87,22647.32,0.074,0.077,1739.7,1017.88,0.0616,4033.11,0.171,0.178,60.59025344
1985,"OTO","Memo: OECD Total",0.86,24465.61,23513.15,0.07,0.073,1717.74,1025.69,0.0609,4122.58,0.169,0.175,54.70411632
1986,"OTO","Memo: OECD Total",0.85,25183.45,24197.43,0.07,0.073,1765.54,1033.52,0.0613,4162.78,0.165,0.172,27.70261183
1987,"OTO","Memo: OECD Total",0.85,26059.16,25049.12,0.069,0.072,1794.59,1041.12,0.0613,4299.04,0.165,0.172,34.81415613
1988,"OTO","Memo: OECD Total",0.84,27258.89,26179.59,0.068,0.071,1851.22,1049.17,0.0598,4428.96,0.162,0.169,26.92359244
1989,"OTO","Memo: OECD Total",0.84,28308.3,27174.21,0.066,0.069,1877.3,1057.56,0.0593,4508.47,0.159,0.166,31.79711973
1990,"OTO","Memo: OECD Total",0.84,29171.43,28001.37,0.064,0.067,1869.92,1070.17,0.0598,4525.76,0.155,0.162,36.27455601
1991,"OTO","Memo: OECD Total",0.83,29538.01,28335.1,0.063,0.066,1868.89,1079.87,0.0606,4578.36,0.155,0.162,29.98983071
1992,"OTO","Memo: OECD Total",0.83,30161.76,28969.45,0.063,0.066,1914.2,1089.25,0.0617,4626.29,0.153,0.16,28.30022643
1993,"OTO","Memo: OECD Total",0.83,30559.94,29395.95,0.063,0.066,1939.39,1098.15,0.0618,4696.4,0.154,0.16,24.35254412
1994,"OTO","Memo: OECD Total",0.83,31490.84,30308.6,0.063,0.065,1981.54,1106.3,0.0604,4776.92,0.152,0.158,22.86046056
1995,"OTO","Memo: OECD Total",0.83,32307.11,31094.61,0.062,0.064,2003.44,1114.55,0.0616,4879.35,0.151,0.157,24.53171457
1996,"OTO","Memo: OECD Total",0.83,33264.99,32066.07,0.062,0.064,2057.23,1122.6,0.0616,5025.31,0.151,0.157,28.66596882
1997,"OTO","Memo: OECD Total",0.83,34429.41,33247.67,0.061,0.063,2085.75,1130.59,0.0609,5075.17,0.147,0.153,25.11747988
1998,"OTO","Memo: OECD Total",0.83,35365.37,34189.5,0.059,0.061,2090.26,1138.27,0.061,5091.81,0.144,0.149,16.14305106
1999,"OTO","Memo: OECD Total",0.83,36519.85,35340.12,0.058,0.06,2115.05,1145.96,0.0602,5183.81,0.142,0.147,22.61031598
2000,"OTO","Memo: OECD Total",0.83,37956.87,36788.5,0.056,0.057,2114.65,1153.92,0.0602,5299.94,0.14,0.144,35.10868096
2001,"OTO","Memo: OECD Total",0.83,38504.59,37303.59,0.055,0.057,2128.23,1161.82,0.0573,5284.8,0.137,0.142,27.09057055
2002,"OTO","Memo: OECD Total",0.83,39116.26,37940.5,0.054,0.056,2117.58,1170.15,0.0577,5319.91,0.136,0.14,28.74943021
2003,"OTO","Memo: OECD Total",0.83,39900.53,38731.45,0.054,0.056,2156.4,1178.46,0.059,5389.31,0.135,0.139,32.8623193
2004,"OTO","Memo: OECD Total",0.83,41167.79,40017.35,0.053,0.055,2184.9,1186.49,0.0602,5491,0.133,0.137,41.43476397
2005,"OTO","Memo: OECD Total",0.82,42259.09,41133.75,0.052,0.053,2186.98,1194.7,0.0624,5524.3,0.131,0.134,54.59759226
2006,"OTO","Memo: OECD Total",0.82,43534.64,42437.14,0.049,0.051,2153.93,1203.01,0.0644,5529.85,0.127,0.13,63.88739722
2007,"OTO","Memo: OECD Total",0.82,44668.59,43580.47,0.048,0.049,2124.84,1212.02,0.0664,5555.48,0.124,0.127,70.6634311
2008,"OTO","Memo: OECD Total",0.82,44744.03,43695.21,0.046,0.047,2056.95,1221.36,0.0701,5486.07,0.123,0.126,93.78727749
2009,"OTO","Memo: OECD Total",0.81,43173.34,42185.18,0.045,0.047,1961.88,1229.8,0.0745,5246.36,0.122,0.124,60.00312488
2010,"OTO","Memo: OECD Total",0.81,44440.24,43464.24,0.044,0.045,1967.45,1237.97,0.0778,5423.77,0.122,0.125,75.82563805
2011,"OTO","Memo: OECD Total",0.81,45233.6,44313.71,0.043,0.044,1933.23,1245.5,0.0815,5323.06,0.118,0.12,99.45770574
2012,"OTO","Memo: OECD Total",0.81,45774.16,44866.47,0.042,0.043,1926.42,1252.77,0.0871,5287.08,0.116,0.118,96.01863557
2013,"OTO","Memo: OECD Total",0.81,46299.65,45400.35,0.041,0.042,1890.47,1259.81,0.0916,5309.77,0.115,0.117,91.85653717
2014,"OTO","Memo: OECD Total",0.8,47107.38,46238.45,0.04,0.041,1881.11,1266.94,0.0938,5273.27,0.112,0.114,82.58092684
2015,"OTO","Memo: OECD Total",0.8,48036.46,47199.62,0.04,0.04,1902.54,1275.03,0.0964,5268.52,0.11,0.112,42.64477115
1960,"ASME","Middle East",NA,NA,NA,NA,NA,NA,NA,NA,NA,NA,NA,NA
1961,"ASME","Middle East",NA,NA,NA,NA,NA,NA,NA,NA,NA,NA,NA,NA
1962,"ASME","Middle East",NA,NA,NA,NA,NA,NA,NA,NA,NA,NA,NA,NA
1963,"ASME","Middle East",NA,NA,NA,NA,NA,NA,NA,NA,NA,NA,NA,NA
1964,"ASME","Middle East",NA,NA,NA,NA,NA,NA,NA,NA,NA,NA,NA,NA
1965,"ASME","Middle East",NA,NA,NA,NA,NA,NA,NA,NA,NA,NA,NA,NA
1966,"ASME","Middle East",NA,NA,NA,NA,NA,NA,NA,NA,NA,NA,NA,NA
1967,"ASME","Middle East",NA,NA,NA,NA,NA,NA,NA,NA,NA,NA,NA,NA
1968,"ASME","Middle East",NA,NA,NA,NA,NA,NA,NA,NA,NA,NA,NA,18.17301389
1969,"ASME","Middle East",NA,NA,NA,NA,NA,NA,NA,NA,NA,NA,NA,16.63796367
1970,"ASME","Middle East",NA,NA,NA,NA,NA,NA,NA,NA,NA,NA,NA,16.63673849
1971,"ASME","Middle East",0.98,458.09,1080.66,0.068,0.029,31.14,64.6,0.0151,42.98,0.094,0.04,17.06917156
1972,"ASME","Middle East",0.98,520.73,1230.81,0.056,0.024,28.95,66.63,0.0168,42.11,0.081,0.034,16.79916882
1973,"ASME","Middle East",0.99,585.42,1372.37,0.06,0.025,34.89,68.78,0.0131,50.55,0.086,0.037,20.03943153
1974,"ASME","Middle East",0.99,638.42,1500.15,0.062,0.027,39.86,71.05,0.0138,56.03,0.088,0.037,55.38161474
1975,"ASME","Middle East",0.99,637.1,1501.71,0.067,0.028,42.67,73.48,0.0136,60.98,0.096,0.041,56.50621167
1976,"ASME","Middle East",0.99,721.18,1710.46,0.069,0.029,49.46,76.07,0.0131,69.72,0.097,0.041,51.64717593
1977,"ASME","Middle East",0.99,747.38,1757.22,0.073,0.031,54.92,78.81,0.0129,77.3,0.103,0.044,52.25864474
1978,"ASME","Middle East",0.99,723.13,1687.82,0.086,0.037,61.86,81.72,0.014,85.13,0.118,0.05,48.69920207
1979,"ASME","Middle East",0.99,752.71,1731.63,0.097,0.042,73.32,84.84,0.0113,102.95,0.137,0.059,64.81635063
1980,"ASME","Middle East",0.99,742.75,1685.6,0.11,0.049,81.96,88.17,0.0103,113.57,0.153,0.067,89.6272974
1981,"ASME","Middle East",0.99,743.13,1685.58,0.129,0.057,95.83,91.73,0.0095,133.02,0.179,0.079,88.97249842
1982,"ASME","Middle East",0.99,734.53,1693.25,0.15,0.065,110.42,95.48,0.0086,150.26,0.205,0.089,75.83470746
1983,"ASME","Middle East",0.99,732.07,1695.91,0.152,0.065,111.01,99.38,0.0084,151.05,0.206,0.089,64.19523548
1984,"ASME","Middle East",0.99,727.18,1670.34,0.156,0.068,113.46,103.36,0.0081,159.01,0.219,0.095,60.59025344
1985,"ASME","Middle East",0.99,718.44,1655.61,0.168,0.073,120.63,107.36,0.0078,168.68,0.235,0.102,54.70411632
1986,"ASME","Middle East",0.99,698.51,1612.34,0.168,0.073,117.3,111.4,0.0083,174.53,0.25,0.108,27.70261183
1987,"ASME","Middle East",0.99,705.85,1625.6,0.179,0.078,126.3,115.45,0.0088,189.35,0.268,0.116,34.81415613
1988,"ASME","Middle East",0.99,703.41,1621.97,0.195,0.084,136.87,119.45,0.0079,206.44,0.293,0.127,26.92359244
1989,"ASME","Middle East",0.99,732.23,1681.87,0.199,0.087,145.79,123.3,0.007,224.97,0.307,0.134,31.79711973
1990,"ASME","Middle East",0.99,804.76,1866.07,0.171,0.074,137.3,126.95,0.0072,211.1,0.262,0.113,36.27455601
1991,"ASME","Middle East",0.99,797.74,1845.41,0.185,0.08,147.25,130.63,0.0066,224.99,0.282,0.122,29.98983071
1992,"ASME","Middle East",0.99,856.91,1979.72,0.194,0.084,166.52,133.89,0.0069,251.9,0.294,0.127,28.30022643
1993,"ASME","Middle East",0.99,886.87,2044.72,0.202,0.088,179.03,137.02,0.0064,274.51,0.31,0.134,24.35254412
1994,"ASME","Middle East",0.99,907.1,2082.54,0.211,0.092,191.76,140.16,0.0053,298.77,0.329,0.143,22.86046056
1995,"ASME","Middle East",0.99,933.96,2139.57,0.208,0.091,193.94,143.46,0.0051,306.69,0.328,0.143,24.53171457
1996,"ASME","Middle East",0.99,978.85,2245.34,0.2,0.087,195.69,146.88,0.005,312.16,0.319,0.139,28.66596882
1997,"ASME","Middle East",1,1026.21,2349.23,0.201,0.088,206.59,150.43,0.0046,332.6,0.324,0.142,25.11747988
1998,"ASME","Middle East",1,1074.41,2470.04,0.187,0.081,200.4,154.09,0.0044,334.42,0.311,0.135,16.14305106
1999,"ASME","Middle East",1,1097.68,2529.98,0.187,0.081,205.28,157.78,0.0036,347.94,0.317,0.138,22.61031598
2000,"ASME","Middle East",1,1160.67,2667.73,0.177,0.077,205.29,161.48,0.0033,353.5,0.305,0.133,35.10868096
2001,"ASME","Middle East",1,1182.8,2720.07,0.189,0.082,224.07,165.15,0.0034,382.24,0.323,0.141,27.09057055
2002,"ASME","Middle East",1,1213.97,2793.05,0.188,0.082,228.03,168.82,0.0037,399.39,0.329,0.143,28.74943021
2003,"ASME","Middle East",1,1268.48,2897.7,0.176,0.077,223.43,172.59,0.0045,406.09,0.32,0.14,32.8623193
2004,"ASME","Middle East",1,1397.91,3196.05,0.169,0.074,235.6,176.59,0.0044,436.2,0.312,0.136,41.43476397
2005,"ASME","Middle East",0.99,1478.78,3377.74,0.169,0.074,250.6,180.88,0.0072,468.48,0.317,0.139,54.59759226
2006,"ASME","Middle East",0.99,1589.05,3618.59,0.165,0.073,262.57,185.52,0.0071,499.53,0.314,0.138,63.88739722
2007,"ASME","Middle East",0.99,1691.67,3854.8,0.159,0.07,268.62,190.45,0.0066,525.49,0.311,0.136,70.6634311
2008,"ASME","Middle East",1,1783.02,4056.16,0.164,0.072,293.17,195.51,0.0037,570.57,0.32,0.141,93.78727749
2009,"ASME","Middle East",1,1805.71,4121.85,0.169,0.074,305.52,200.51,0.0038,591.14,0.327,0.143,60.00312488
2010,"ASME","Middle East",1,1899.32,4339.83,0.164,0.072,310.72,205.27,0.0042,623.02,0.328,0.144,75.82563805
2011,"ASME","Middle East",0.99,2017.83,4597.39,0.148,0.065,298.55,210.05,0.0043,630.09,0.312,0.137,99.45770574
2012,"ASME","Middle East",0.99,2079.68,4715.6,0.16,0.07,331.72,214.77,0.0042,678.71,0.326,0.144,96.01863557
2013,"ASME","Middle East",0.99,2124.16,4810.14,0.153,0.067,324.08,219.4,0.0046,680.55,0.32,0.141,91.85653717
2014,"ASME","Middle East",0.99,2190.28,4946.06,0.157,0.07,343.79,223.95,0.004,720.87,0.329,0.146,82.58092684
2015,"ASME","Middle East",NA,NA,NA,NA,NA,NA,NA,NA,NA,NA,NA,42.64477115
1960,"OENN","OECD Americas",NA,NA,NA,NA,NA,NA,NA,NA,NA,NA,NA,NA
1961,"OENN","OECD Americas",NA,NA,NA,NA,NA,NA,NA,NA,NA,NA,NA,NA
1962,"OENN","OECD Americas",NA,NA,NA,NA,NA,NA,NA,NA,NA,NA,NA,NA
1963,"OENN","OECD Americas",NA,NA,NA,NA,NA,NA,NA,NA,NA,NA,NA,NA
1964,"OENN","OECD Americas",NA,NA,NA,NA,NA,NA,NA,NA,NA,NA,NA,NA
1965,"OENN","OECD Americas",NA,NA,NA,NA,NA,NA,NA,NA,NA,NA,NA,NA
1966,"OENN","OECD Americas",NA,NA,NA,NA,NA,NA,NA,NA,NA,NA,NA,NA
1967,"OENN","OECD Americas",NA,NA,NA,NA,NA,NA,NA,NA,NA,NA,NA,NA
1968,"OENN","OECD Americas",NA,NA,NA,NA,NA,NA,NA,NA,NA,NA,NA,18.17301389
1969,"OENN","OECD Americas",NA,NA,NA,NA,NA,NA,NA,NA,NA,NA,NA,16.63796367
1970,"OENN","OECD Americas",NA,NA,NA,NA,NA,NA,NA,NA,NA,NA,NA,16.63673849
1971,"OENN","OECD Americas",0.94,5811.3,5928.78,0.142,0.139,824.33,292.84,0.0499,1780.5,0.306,0.3,17.06917156
1972,"OENN","OECD Americas",0.94,6124.68,6253.01,0.145,0.142,889.33,297.29,0.0501,1875.65,0.306,0.3,16.79916882
1973,"OENN","OECD Americas",0.94,6481.9,6619.86,0.144,0.141,934.32,301.59,0.0495,1950.34,0.301,0.295,20.03943153
1974,"OENN","OECD Americas",0.93,6497.7,6645.77,0.139,0.136,902.27,305.89,0.0532,1917.58,0.295,0.289,55.38161474
1975,"OENN","OECD Americas",0.92,6513.69,6670.8,0.139,0.135,902.67,310.33,0.0527,1886.27,0.29,0.283,56.50621167
1976,"OENN","OECD Americas",0.92,6858.28,7020.94,0.141,0.138,966.12,314.74,0.0522,2008.61,0.293,0.286,51.64717593
1977,"OENN","OECD Americas",0.91,7163.49,7332.61,0.144,0.14,1029.25,319.23,0.0498,2077.94,0.29,0.283,52.25864474
1978,"OENN","OECD Americas",0.91,7562.14,7749.81,0.139,0.136,1050.76,323.81,0.0537,2144.67,0.284,0.277,48.69920207
1979,"OENN","OECD Americas",0.91,7835.52,8046.4,0.131,0.128,1027.43,328.57,0.0558,2157.46,0.275,0.268,64.81635063
1980,"OENN","OECD Americas",0.9,7879.71,8115.43,0.121,0.118,954.97,333.81,0.059,2101.2,0.267,0.259,89.6272974
1981,"OENN","OECD Americas",0.9,8124.4,8386.37,0.111,0.108,903.15,338.25,0.0609,2053.56,0.253,0.245,88.97249842
1982,"OENN","OECD Americas",0.89,7960.84,8221.81,0.109,0.105,865.31,342.62,0.0651,1976.96,0.248,0.24,75.83470746
1983,"OENN","OECD Americas",0.88,8259.71,8501.19,0.103,0.1,849.55,346.86,0.0695,1971.8,0.239,0.232,64.19523548
1984,"OENN","OECD Americas",0.88,8829.38,9077.54,0.099,0.096,873.61,351.02,0.0714,2058.18,0.233,0.227,60.59025344
1985,"OENN","OECD Americas",0.87,9201.21,9454.62,0.095,0.093,874.62,355.22,0.0703,2085.21,0.227,0.221,54.70411632
1986,"OENN","OECD Americas",0.86,9472.13,9710.02,0.095,0.093,898.91,359.51,0.073,2083.25,0.22,0.215,27.70261183
1987,"OENN","OECD Americas",0.86,9798.84,10039.15,0.094,0.092,921.76,363.88,0.0719,2171.11,0.222,0.216,34.81415613
1988,"OENN","OECD Americas",0.86,10198.35,10438.57,0.093,0.091,947.82,368.33,0.0674,2254.71,0.221,0.216,26.92359244
1989,"OENN","OECD Americas",0.86,10567.78,10822.77,0.091,0.089,957.99,373.02,0.0674,2295.31,0.217,0.212,31.79711973
1990,"OENN","OECD Americas",0.85,10772.57,11047.79,0.085,0.083,920.62,378.12,0.0669,2264.03,0.21,0.205,36.27455601
1991,"OENN","OECD Americas",0.84,10776.46,11074.53,0.084,0.082,904.81,383.62,0.0684,2285.56,0.212,0.206,29.98983071
1992,"OENN","OECD Americas",0.84,11140.73,11456.9,0.083,0.081,923.04,389.09,0.0701,2331.45,0.209,0.203,28.30022643
1993,"OENN","OECD Americas",0.85,11444.34,11767.57,0.082,0.08,943,394.48,0.0677,2375.75,0.208,0.202,24.35254412
1994,"OENN","OECD Americas",0.85,11915.33,12253.25,0.081,0.078,961.76,399.66,0.0664,2425.25,0.204,0.198,22.86046056
1995,"OENN","OECD Americas",0.84,12184.01,12493.82,0.078,0.076,955.05,404.78,0.0686,2451.27,0.201,0.196,24.53171457
1996,"OENN","OECD Americas",0.84,12635.63,12968.6,0.078,0.076,983.42,409.8,0.0698,2506.72,0.198,0.193,28.66596882
1997,"OENN","OECD Americas",0.85,13219.57,13579.63,0.077,0.075,1012.82,414.87,0.067,2539.92,0.192,0.187,25.11747988
1998,"OENN","OECD Americas",0.85,13805.07,14184.79,0.075,0.073,1031.32,419.79,0.0657,2561.6,0.186,0.181,16.14305106
1999,"OENN","OECD Americas",0.85,14443.12,14831.91,0.073,0.071,1051.03,424.63,0.0642,2632.29,0.182,0.177,22.61031598
2000,"OENN","OECD Americas",0.85,15069.88,15486.22,0.07,0.068,1057.24,429.38,0.0628,2702.13,0.179,0.174,35.10868096
2001,"OENN","OECD Americas",0.85,15222.18,15636.66,0.071,0.069,1075.81,433.94,0.0576,2660.61,0.175,0.17,27.09057055
2002,"OENN","OECD Americas",0.85,15503.33,15917.48,0.069,0.067,1062.38,438.48,0.0586,2688.26,0.173,0.169,28.74943021
2003,"OENN","OECD Americas",0.85,15913.41,16333.98,0.069,0.067,1094.51,442.91,0.0597,2716.29,0.171,0.166,32.8623193
2004,"OENN","OECD Americas",0.85,16514.74,16957.43,0.068,0.066,1125.41,447.25,0.0609,2772.49,0.168,0.163,41.43476397
2005,"OENN","OECD Americas",0.85,17067.4,17525.67,0.067,0.065,1135.35,451.65,0.0626,2797.32,0.164,0.16,54.59759226
2006,"OENN","OECD Americas",0.85,17549.37,18036.59,0.064,0.062,1116.31,456.23,0.0642,2777.43,0.158,0.154,63.88739722
2007,"OENN","OECD Americas",0.85,17886.9,18394.24,0.062,0.06,1110.2,460.97,0.0636,2819.26,0.158,0.153,70.6634311
2008,"OENN","OECD Americas",0.84,17879.85,18396.78,0.059,0.058,1061.68,465.85,0.0669,2759.53,0.154,0.15,93.78727749
2009,"OENN","OECD Americas",0.84,17363.78,17854.98,0.058,0.057,1011.37,470.65,0.07,2636.44,0.152,0.148,60.00312488
2010,"OENN","OECD Americas",0.84,17845.3,18367.67,0.057,0.055,1009.13,475.16,0.071,2685.68,0.15,0.146,75.82563805
2011,"OENN","OECD Americas",0.83,18189.49,18736.07,0.055,0.053,995.11,479.47,0.0762,2679.32,0.147,0.143,99.45770574
2012,"OENN","OECD Americas",0.83,18613.31,19189.3,0.053,0.052,995.54,483.76,0.0799,2654.35,0.143,0.138,96.01863557
2013,"OENN","OECD Americas",0.82,18907.86,19492.39,0.052,0.05,981.21,488.03,0.084,2685.05,0.142,0.138,91.85653717
2014,"OENN","OECD Americas",0.82,19364.02,19960.56,0.051,0.05,992.18,492.26,0.0838,2720.15,0.14,0.136,82.58092684
2015,"OENN","OECD Americas",0.82,19809.42,20424.05,0.051,0.049,1000.48,496.66,0.0838,2678.13,0.135,0.131,42.64477115
1960,"OEPN","OECD Asia Oceania",NA,NA,NA,NA,NA,NA,NA,NA,NA,NA,NA,NA
1961,"OEPN","OECD Asia Oceania",NA,NA,NA,NA,NA,NA,NA,NA,NA,NA,NA,NA
1962,"OEPN","OECD Asia Oceania",NA,NA,NA,NA,NA,NA,NA,NA,NA,NA,NA,NA
1963,"OEPN","OECD Asia Oceania",NA,NA,NA,NA,NA,NA,NA,NA,NA,NA,NA,NA
1964,"OEPN","OECD Asia Oceania",NA,NA,NA,NA,NA,NA,NA,NA,NA,NA,NA,NA
1965,"OEPN","OECD Asia Oceania",NA,NA,NA,NA,NA,NA,NA,NA,NA,NA,NA,NA
1966,"OEPN","OECD Asia Oceania",NA,NA,NA,NA,NA,NA,NA,NA,NA,NA,NA,NA
1967,"OEPN","OECD Asia Oceania",NA,NA,NA,NA,NA,NA,NA,NA,NA,NA,NA,NA
1968,"OEPN","OECD Asia Oceania",NA,NA,NA,NA,NA,NA,NA,NA,NA,NA,NA,18.17301389
1969,"OEPN","OECD Asia Oceania",NA,NA,NA,NA,NA,NA,NA,NA,NA,NA,NA,16.63796367
1970,"OEPN","OECD Asia Oceania",NA,NA,NA,NA,NA,NA,NA,NA,NA,NA,NA,16.63673849
1971,"OEPN","OECD Asia Oceania",0.95,2514.11,2006.35,0.097,0.121,242.72,156.97,0.0405,348.68,0.139,0.174,17.06917156
1972,"OEPN","OECD Asia Oceania",0.95,2701.89,2157.35,0.097,0.122,263.08,159.47,0.0388,370.65,0.137,0.172,16.79916882
1973,"OEPN","OECD Asia Oceania",0.96,2906.59,2324.47,0.103,0.129,300.71,162.87,0.0311,414.63,0.143,0.178,20.03943153
1974,"OEPN","OECD Asia Oceania",0.95,2898.91,2323.6,0.102,0.127,294.62,165.34,0.0356,419.06,0.145,0.18,55.38161474
1975,"OEPN","OECD Asia Oceania",0.95,2987.24,2396.53,0.094,0.117,280.51,167.56,0.0379,405.46,0.136,0.169,56.50621167
1976,"OEPN","OECD Asia Oceania",0.94,3108.79,2498.53,0.096,0.12,299.38,169.63,0.0357,429.01,0.138,0.172,51.64717593
1977,"OEPN","OECD Asia Oceania",0.95,3230.28,2601.19,0.097,0.12,312.83,171.57,0.0321,444.01,0.137,0.171,52.25864474
1978,"OEPN","OECD Asia Oceania",0.93,3398.46,2740.41,0.093,0.115,314.93,173.4,0.0322,450.35,0.133,0.164,48.69920207
1979,"OEPN","OECD Asia Oceania",0.93,3575.77,2886.46,0.091,0.113,326.58,175.2,0.0332,477.03,0.133,0.165,64.81635063
1980,"OEPN","OECD Asia Oceania",0.92,3670.85,2959.09,0.082,0.102,302.12,177.01,0.0348,472.19,0.129,0.16,89.6272974
1981,"OEPN","OECD Asia Oceania",0.91,3825.23,3086.44,0.073,0.091,281.13,178.79,0.0361,463.77,0.121,0.15,88.97249842
1982,"OEPN","OECD Asia Oceania",0.9,3930.12,3177.3,0.071,0.087,277.54,180.55,0.0431,470.07,0.12,0.148,75.83470746
1983,"OEPN","OECD Asia Oceania",0.89,4075.52,3303.7,0.067,0.083,272.7,182.26,0.0446,470.64,0.115,0.142,64.19523548
1984,"OEPN","OECD Asia Oceania",0.88,4270.37,3467.25,0.065,0.08,277.79,183.81,0.0399,503.39,0.118,0.145,60.59025344
1985,"OEPN","OECD Asia Oceania",0.87,4525.84,3676.72,0.058,0.071,262.49,185.26,0.0429,507.33,0.112,0.138,54.70411632
1986,"OEPN","OECD Asia Oceania",0.86,4671.93,3806.08,0.058,0.072,272.91,186.59,0.0411,522.21,0.112,0.137,27.70261183
1987,"OEPN","OECD Asia Oceania",0.85,4889.7,3993.63,0.056,0.069,275.17,187.94,0.0397,536.29,0.11,0.134,34.81415613
1988,"OEPN","OECD Asia Oceania",0.86,5224.01,4274.98,0.057,0.07,300.14,189.22,0.0403,572.1,0.11,0.134,26.92359244
1989,"OEPN","OECD Asia Oceania",0.86,5489.47,4495.23,0.058,0.07,316.05,190.45,0.0405,599.39,0.109,0.133,31.79711973
1990,"OEPN","OECD Asia Oceania",0.86,5766.65,4733.5,0.06,0.073,343.69,191.68,0.0399,642.29,0.111,0.136,36.27455601
1991,"OEPN","OECD Asia Oceania",0.85,5964.21,4911.75,0.058,0.07,344.95,193.21,0.0401,652.75,0.109,0.133,29.98983071
1992,"OEPN","OECD Asia Oceania",0.86,6063.84,5004.35,0.061,0.074,370.19,194.52,0.0355,677.74,0.112,0.135,28.30022643
1993,"OEPN","OECD Asia Oceania",0.85,6139.38,5080.62,0.061,0.074,375.86,195.68,0.0373,699.72,0.114,0.138,24.35254412
1994,"OEPN","OECD Asia Oceania",0.85,6263.69,5203.24,0.063,0.076,396.69,196.67,0.0325,733.63,0.117,0.141,22.86046056
1995,"OEPN","OECD Asia Oceania",0.84,6446.65,5375.09,0.063,0.075,404.95,197.86,0.035,761.57,0.118,0.142,24.53171457
1996,"OEPN","OECD Asia Oceania",0.84,6657.92,5565.33,0.062,0.075,415.76,198.98,0.0349,791.5,0.119,0.142,28.66596882
1997,"OEPN","OECD Asia Oceania",0.84,6817.67,5710.43,0.061,0.073,416.88,200.09,0.0354,814.85,0.12,0.143,25.11747988
1998,"OEPN","OECD Asia Oceania",0.82,6731.94,5621.55,0.058,0.069,389.96,201.12,0.036,793.36,0.118,0.141,16.14305106
1999,"OEPN","OECD Asia Oceania",0.83,6834.06,5740.35,0.059,0.07,401.74,202.08,0.0342,820.3,0.12,0.143,22.61031598
2000,"OEPN","OECD Asia Oceania",0.83,7039.12,5937.26,0.058,0.068,405.35,203.13,0.0339,849.59,0.121,0.143,35.10868096
2001,"OEPN","OECD Asia Oceania",0.83,7130.82,6026.72,0.055,0.065,388.8,204.21,0.0332,842.7,0.118,0.14,27.09057055
2002,"OEPN","OECD Asia Oceania",0.84,7236.95,6141.62,0.054,0.064,393.63,205.17,0.0336,852.84,0.118,0.139,28.74943021
2003,"OEPN","OECD Asia Oceania",0.85,7396.6,6279.44,0.054,0.063,397.78,206.06,0.0349,855.07,0.116,0.136,32.8623193
2004,"OEPN","OECD Asia Oceania",0.84,7606.92,6468.38,0.052,0.061,392.8,206.74,0.0341,878.58,0.115,0.136,41.43476397
2005,"OEPN","OECD Asia Oceania",0.83,7755.29,6604.8,0.05,0.059,387.8,207.29,0.0334,878.28,0.113,0.133,54.59759226
2006,"OEPN","OECD Asia Oceania",0.83,7950.09,6784.86,0.047,0.056,376.81,208.09,0.0345,887.48,0.112,0.131,63.88739722
2007,"OEPN","OECD Asia Oceania",0.85,8182.97,6998.24,0.046,0.054,377.02,209.01,0.0337,896.02,0.109,0.128,70.6634311
2008,"OEPN","OECD Asia Oceania",0.84,8178.94,7010.95,0.044,0.051,360.58,210.04,0.0344,888.24,0.109,0.127,93.78727749
2009,"OEPN","OECD Asia Oceania",0.83,7909.45,6802.6,0.044,0.051,347.25,210.84,0.0341,866.5,0.11,0.127,60.00312488
2010,"OEPN","OECD Asia Oceania",0.83,8267.33,7123.58,0.043,0.05,355.87,211.58,0.0393,917.84,0.111,0.129,75.82563805
2011,"OEPN","OECD Asia Oceania",0.88,8345.35,7208.19,0.043,0.05,360.45,212.25,0.041,891.88,0.107,0.124,99.45770574
2012,"OEPN","OECD Asia Oceania",0.91,8510.64,7353.16,0.043,0.05,370.17,212.76,0.0408,885.17,0.104,0.12,96.01863557
2013,"OEPN","OECD Asia Oceania",0.91,8664.81,7493.72,0.041,0.048,359.24,213.34,0.0441,887.48,0.102,0.118,91.85653717
2014,"OEPN","OECD Asia Oceania",0.9,8746.01,7580.65,0.04,0.046,347.69,213.85,0.0488,878.65,0.1,0.116,82.58092684
2015,"OEPN","OECD Asia Oceania",0.89,8852.85,7683.3,0.039,0.046,349.63,214.35,0.0509,886.38,0.1,0.115,42.64477115
1960,"OEU","OECD Europe",NA,NA,NA,NA,NA,NA,NA,NA,NA,NA,NA,NA
1961,"OEU","OECD Europe",NA,NA,NA,NA,NA,NA,NA,NA,NA,NA,NA,NA
1962,"OEU","OECD Europe",NA,NA,NA,NA,NA,NA,NA,NA,NA,NA,NA,NA
1963,"OEU","OECD Europe",NA,NA,NA,NA,NA,NA,NA,NA,NA,NA,NA,NA
1964,"OEU","OECD Europe",NA,NA,NA,NA,NA,NA,NA,NA,NA,NA,NA,NA
1965,"OEU","OECD Europe",NA,NA,NA,NA,NA,NA,NA,NA,NA,NA,NA,NA
1966,"OEU","OECD Europe",NA,NA,NA,NA,NA,NA,NA,NA,NA,NA,NA,NA
1967,"OEU","OECD Europe",NA,NA,NA,NA,NA,NA,NA,NA,NA,NA,NA,NA
1968,"OEU","OECD Europe",NA,NA,NA,NA,NA,NA,NA,NA,NA,NA,NA,18.17301389
1969,"OEU","OECD Europe",NA,NA,NA,NA,NA,NA,NA,NA,NA,NA,NA,16.63796367
1970,"OEU","OECD Europe",NA,NA,NA,NA,NA,NA,NA,NA,NA,NA,NA,16.63673849
1971,"OEU","OECD Europe",0.94,7507.67,7225.86,0.085,0.089,640.47,448.62,0.0479,1243.07,0.166,0.172,17.06917156
1972,"OEU","OECD Europe",0.94,7864.36,7581.65,0.087,0.09,685.35,452.02,0.0472,1297.34,0.165,0.171,16.79916882
1973,"OEU","OECD Europe",0.94,8328.13,8034.16,0.088,0.091,732.44,455.29,0.0456,1375.47,0.165,0.171,20.03943153
1974,"OEU","OECD Europe",0.93,8532.2,8240.81,0.082,0.084,695.79,458.3,0.048,1358.04,0.159,0.165,55.38161474
1975,"OEU","OECD Europe",0.93,8487.57,8222.13,0.078,0.08,660.1,461.14,0.0497,1325.7,0.156,0.161,56.50621167
1976,"OEU","OECD Europe",0.93,8865.03,8596.41,0.08,0.082,708.08,463.6,0.0448,1410.98,0.159,0.164,51.64717593
1977,"OEU","OECD Europe",0.92,9118.97,8847.6,0.077,0.079,697.93,466.14,0.0492,1420.74,0.156,0.161,52.25864474
1978,"OEU","OECD Europe",0.92,9394.19,9112.19,0.077,0.079,723.63,468.67,0.0483,1469.05,0.156,0.161,48.69920207
1979,"OEU","OECD Europe",0.92,9719.7,9408.64,0.075,0.078,732.96,471.19,0.0487,1529.52,0.157,0.163,64.81635063
1980,"OEU","OECD Europe",0.91,9874.67,9547.84,0.07,0.072,688.46,474.07,0.0491,1494.27,0.151,0.157,89.6272974
1981,"OEU","OECD Europe",0.89,9897.67,9558.71,0.064,0.066,632.86,476.69,0.0521,1449.33,0.146,0.152,88.97249842
1982,"OEU","OECD Europe",0.88,9982.33,9637.38,0.06,0.062,601.16,478.93,0.0532,1425.5,0.143,0.148,75.83470746
1983,"OEU","OECD Europe",0.87,10176.4,9831.27,0.058,0.06,585.28,481.01,0.0553,1435.4,0.141,0.146,64.19523548
1984,"OEU","OECD Europe",0.85,10451.13,10102.53,0.056,0.058,588.29,483.06,0.0554,1471.55,0.141,0.146,60.59025344
1985,"OEU","OECD Europe",0.84,10738.56,10381.81,0.054,0.056,580.63,485.21,0.054,1530.03,0.142,0.147,54.70411632
1986,"OEU","OECD Europe",0.83,11039.39,10681.34,0.054,0.056,593.72,487.41,0.0524,1557.32,0.141,0.146,27.70261183
1987,"OEU","OECD Europe",0.83,11370.61,11016.35,0.053,0.054,597.65,489.31,0.0542,1591.64,0.14,0.144,34.81415613
1988,"OEU","OECD Europe",0.82,11836.52,11466.04,0.051,0.053,603.26,491.62,0.0562,1602.15,0.135,0.14,26.92359244
1989,"OEU","OECD Europe",0.82,12251.05,11856.21,0.049,0.051,603.26,494.1,0.0548,1613.77,0.132,0.136,31.79711973
1990,"OEU","OECD Europe",0.81,12632.22,12220.08,0.048,0.05,605.61,500.37,0.0579,1619.45,0.128,0.133,36.27455601
1991,"OEU","OECD Europe",0.81,12797.35,12348.82,0.048,0.05,619.13,503.04,0.0578,1640.06,0.128,0.133,29.98983071
1992,"OEU","OECD Europe",0.8,12957.19,12508.2,0.048,0.05,620.97,505.63,0.0607,1617.1,0.125,0.129,28.30022643
1993,"OEU","OECD Europe",0.79,12976.22,12547.75,0.048,0.049,620.54,507.99,0.0637,1620.93,0.125,0.129,24.35254412
1994,"OEU","OECD Europe",0.79,13311.82,12852.11,0.047,0.048,623.09,509.97,0.0641,1618.04,0.122,0.126,22.86046056
1995,"OEU","OECD Europe",0.8,13676.45,13225.7,0.047,0.049,643.45,511.92,0.0635,1666.51,0.122,0.126,24.53171457
1996,"OEU","OECD Europe",0.8,13971.44,13532.14,0.047,0.049,658.04,513.83,0.0619,1727.09,0.124,0.128,28.66596882
1997,"OEU","OECD Europe",0.79,14392.17,13957.61,0.046,0.047,656.05,515.64,0.0641,1720.4,0.12,0.123,25.11747988
1998,"OEU","OECD Europe",0.79,14828.36,14383.17,0.045,0.047,668.98,517.35,0.0654,1736.85,0.117,0.121,16.14305106
1999,"OEU","OECD Europe",0.79,15242.66,14767.86,0.043,0.045,662.28,519.25,0.0665,1731.22,0.114,0.117,22.61031598
2000,"OEU","OECD Europe",0.79,15847.87,15365.02,0.041,0.042,652.06,521.42,0.0689,1748.23,0.11,0.114,35.10868096
2001,"OEU","OECD Europe",0.78,16151.59,15640.22,0.041,0.042,663.63,523.67,0.0683,1781.5,0.11,0.114,27.09057055
2002,"OEU","OECD Europe",0.78,16375.98,15881.4,0.04,0.042,661.57,526.51,0.0679,1778.81,0.109,0.112,28.74943021
2003,"OEU","OECD Europe",0.78,16590.52,16118.03,0.04,0.041,664.11,529.5,0.0692,1817.94,0.11,0.113,32.8623193
2004,"OEU","OECD Europe",0.78,17046.14,16591.54,0.039,0.04,666.68,532.51,0.0717,1839.92,0.108,0.111,41.43476397
2005,"OEU","OECD Europe",0.78,17436.4,17003.27,0.038,0.039,663.84,535.76,0.0759,1848.7,0.106,0.109,54.59759226
2006,"OEU","OECD Europe",0.78,18035.18,17615.7,0.037,0.038,660.81,538.69,0.0791,1864.93,0.103,0.106,63.88739722
2007,"OEU","OECD Europe",0.78,18598.73,18187.99,0.034,0.035,637.62,542.04,0.0866,1840.19,0.099,0.101,70.6634311
2008,"OEU","OECD Europe",0.77,18685.24,18287.48,0.034,0.035,634.69,545.47,0.0922,1838.3,0.098,0.101,93.78727749
2009,"OEU","OECD Europe",0.76,17900.1,17527.6,0.034,0.034,603.25,548.31,0.1016,1743.42,0.097,0.099,60.00312488
2010,"OEU","OECD Europe",0.75,18327.61,17972.98,0.033,0.034,602.45,551.23,0.1071,1820.24,0.099,0.101,75.82563805
2011,"OEU","OECD Europe",0.75,18698.76,18369.46,0.031,0.031,577.67,553.79,0.1103,1751.85,0.094,0.095,99.45770574
2012,"OEU","OECD Europe",0.74,18650.22,18324.02,0.03,0.031,560.71,556.26,0.1213,1747.56,0.094,0.095,96.01863557
2013,"OEU","OECD Europe",0.73,18726.98,18414.24,0.029,0.03,550.02,558.44,0.1277,1737.24,0.093,0.094,91.85653717
2014,"OEU","OECD Europe",0.72,18997.36,18697.23,0.028,0.029,541.24,560.82,0.1338,1674.47,0.088,0.09,82.58092684
2015,"OEU","OECD Europe",0.72,19374.19,19092.27,0.029,0.029,552.43,564.02,0.14,1704,0.088,0.089,42.64477115
1960,"WLD","World",NA,NA,NA,NA,NA,NA,NA,NA,NA,NA,NA,NA
1961,"WLD","World",NA,NA,NA,NA,NA,NA,NA,NA,NA,NA,NA,NA
1962,"WLD","World",NA,NA,NA,NA,NA,NA,NA,NA,NA,NA,NA,NA
1963,"WLD","World",NA,NA,NA,NA,NA,NA,NA,NA,NA,NA,NA,NA
1964,"WLD","World",NA,NA,NA,NA,NA,NA,NA,NA,NA,NA,NA,NA
1965,"WLD","World",NA,NA,NA,NA,NA,NA,NA,NA,NA,NA,NA,NA
1966,"WLD","World",NA,NA,NA,NA,NA,NA,NA,NA,NA,NA,NA,NA
1967,"WLD","World",NA,NA,NA,NA,NA,NA,NA,NA,NA,NA,NA,NA
1968,"WLD","World",NA,NA,NA,NA,NA,NA,NA,NA,NA,NA,NA,18.17301389
1969,"WLD","World",NA,NA,NA,NA,NA,NA,NA,NA,NA,NA,NA,16.63796367
1970,"WLD","World",NA,NA,NA,NA,NA,NA,NA,NA,NA,NA,NA,16.63673849
1971,"WLD","World",0.86,20018.49,23430.11,0.122,0.104,2438.1,3758.7,0.1313,5522.96,0.276,0.236,17.06917156
1972,"WLD","World",0.86,21119.74,24721.48,0.124,0.106,2618.57,3835.26,0.1284,5790.27,0.274,0.234,16.79916882
1973,"WLD","World",0.87,22514.45,26391.65,0.125,0.107,2817.82,3912.38,0.1241,6100.9,0.271,0.231,20.03943153
1974,"WLD","World",0.86,23017.94,27179.11,0.121,0.102,2778.43,3987.86,0.1275,6136.96,0.267,0.226,55.38161474
1975,"WLD","World",0.86,23247,27606.8,0.118,0.1,2754.72,4061.83,0.1286,6182.89,0.266,0.224,56.50621167
1976,"WLD","World",0.86,24450.22,29153.38,0.12,0.101,2940.64,4134.87,0.1243,6520.99,0.267,0.224,51.64717593
1977,"WLD","World",0.86,25423.63,30394.14,0.12,0.101,3057.52,4207.52,0.1227,6753.23,0.266,0.222,52.25864474
1978,"WLD","World",0.85,26469.22,31612.32,0.12,0.1,3173.36,4281.38,0.1219,7016.95,0.265,0.222,48.69920207
1979,"WLD","World",0.85,27527.9,32843.4,0.117,0.098,3215.53,4357.08,0.1219,7231.4,0.263,0.22,64.81635063
1980,"WLD","World",0.85,28058.55,33551.71,0.111,0.092,3101.99,4434.45,0.125,7204.91,0.257,0.215,89.6272974
1981,"WLD","World",0.84,28545.88,34169.15,0.104,0.087,2972.18,4512.41,0.1283,7153.77,0.251,0.209,88.97249842
1982,"WLD","World",0.84,28693.34,34487.72,0.101,0.084,2903.6,4593.4,0.1313,7154.47,0.249,0.207,75.83470746
1983,"WLD","World",0.83,29457.04,35431.18,0.097,0.081,2864.18,4674.95,0.1333,7235.96,0.246,0.204,64.19523548
1984,"WLD","World",0.82,30731.47,36893.77,0.094,0.079,2897.47,4756.3,0.1328,7521.26,0.245,0.204,60.59025344
1985,"WLD","World",0.82,31858.1,38191.32,0.091,0.076,2901.63,4839.45,0.1317,7725.94,0.243,0.202,54.70411632
1986,"WLD","World",0.82,32892.07,39448.1,0.091,0.076,2979.58,4925.14,0.1312,7888.02,0.24,0.2,27.70261183
1987,"WLD","World",0.81,34031.25,40816.81,0.09,0.075,3054.5,5012.84,0.1295,8182.36,0.24,0.2,34.81415613
1988,"WLD","World",0.81,35497.87,42556.37,0.089,0.074,3155.56,5101.64,0.1271,8467.89,0.239,0.199,26.92359244
1989,"WLD","World",0.81,36816.05,44156.19,0.087,0.073,3207.88,5190.27,0.127,8612.87,0.234,0.195,31.79711973
1990,"WLD","World",0.81,37705.26,45651.88,0.086,0.071,3232.67,5277.64,0.1278,8772.29,0.233,0.192,36.27455601
1991,"WLD","World",0.81,38164.13,46156.05,0.085,0.07,3248.14,5364.54,0.1291,8832.53,0.231,0.191,29.98983071
1992,"WLD","World",0.8,38845.01,46977.12,0.084,0.07,3265.18,5452.5,0.131,8839.73,0.228,0.188,28.30022643
1993,"WLD","World",0.8,39455.07,47841.19,0.083,0.069,3287.64,5536.07,0.1313,8929.36,0.226,0.187,24.35254412
1994,"WLD","World",0.8,40641.73,49279.8,0.081,0.067,3305.39,5618.56,0.1318,8992.33,0.221,0.182,22.86046056
1995,"WLD","World",0.8,41838.12,50880.64,0.081,0.066,3375.64,5700.98,0.1313,9227.28,0.221,0.181,24.53171457
1996,"WLD","World",0.8,43225.84,52817.2,0.08,0.066,3463.36,5783.14,0.1302,9458.08,0.219,0.179,28.66596882
1997,"WLD","World",0.8,44847.96,54923.57,0.079,0.065,3550.54,5865.51,0.1302,9556.53,0.213,0.174,25.11747988
1998,"WLD","World",0.8,45954.53,56258.07,0.077,0.063,3559.23,5947.05,0.131,9602.96,0.209,0.171,16.14305106
1999,"WLD","World",0.8,47473.44,58290.7,0.076,0.062,3628.68,6027.8,0.1301,9810,0.207,0.168,22.61031598
2000,"WLD","World",0.8,49527.32,61027.89,0.074,0.06,3659.5,6107.99,0.1288,10036.89,0.203,0.164,35.10868096
2001,"WLD","World",0.8,50518.01,62525.05,0.073,0.059,3704.64,6187.02,0.1274,10145.42,0.201,0.162,27.09057055
2002,"WLD","World",0.8,51632.15,64281.56,0.072,0.058,3737.13,6266.17,0.1269,10356.61,0.201,0.161,28.74943021
2003,"WLD","World",0.81,53137.11,66673.35,0.072,0.057,3814.34,6345.54,0.1256,10723.05,0.202,0.161,32.8623193
2004,"WLD","World",0.81,55498.85,70262.81,0.071,0.056,3967.97,6425.1,0.1241,11213.96,0.202,0.16,41.43476397
2005,"WLD","World",0.81,57623.64,73605.35,0.069,0.054,4003.22,6505.19,0.1243,11532.98,0.2,0.157,54.59759226
2006,"WLD","World",0.81,60165.43,77608.76,0.067,0.052,4053.28,6585.52,0.1241,11872.84,0.197,0.153,63.88739722
2007,"WLD","World",0.82,62776.68,81883.7,0.065,0.05,4081.49,6666.5,0.1244,12203.02,0.194,0.149,70.6634311
2008,"WLD","World",0.81,63917.43,84225.22,0.064,0.048,4084.26,6748.65,0.1266,12362.91,0.193,0.147,93.78727749
2009,"WLD","World",0.81,62859.43,84034.09,0.064,0.048,4011.09,6830.85,0.1303,12267.47,0.195,0.146,60.00312488
2010,"WLD","World",0.81,65597.54,88464.91,0.063,0.047,4137.89,6913.42,0.129,12951.9,0.197,0.146,75.82563805
2011,"WLD","World",0.82,67667.17,92014.06,0.061,0.045,4139.3,6996.35,0.1299,13150.54,0.194,0.143,99.45770574
2012,"WLD","World",0.82,69333.03,95032.89,0.061,0.044,4224.88,7079.34,0.1331,13373.44,0.193,0.141,96.01863557
2013,"WLD","World",0.81,71007.23,98104.55,0.059,0.043,4215.71,7163.59,0.1363,13549.11,0.191,0.138,91.85653717
2014,"WLD","World",0.81,72874.06,101389.85,0.059,0.042,4285.3,7248.66,0.1383,13699.13,0.188,0.135,82.58092684
2015,"WLD","World",NA,NA,NA,NA,NA,NA,NA,NA,NA,NA,NA,42.64477115
2016,NA,NA,NA,NA,NA,NA,NA,NA,NA,NA,NA,NA,NA,35.15585832
2017,NA,NA,NA,NA,NA,NA,NA,NA,NA,NA,NA,NA,NA,40.54147816
