"Run.ID","time","Are.N","Ace.N","Are.S","Ace.S","S","RelPrice_N","RelLabor_N","Labor.re_N","Price.re_N","Agg.demand.re.tech_N","Profits.re_N","Yre_N","sre_N","Labor.ce_N","Price.ce_N","Agg.demand.ce.tech_N","Profits.ce_N","Yce_N","sce_N","Y_N","RelPrice_S","RelLabor_S","Labor.re_S","Price.re_S","Agg.demand.re.tech_S","Profits.re_S","Yre_S","sre_S","Labor.ce_S","Price.ce_S","Agg.demand.ce.tech_S","Profits.ce_S","Yce_S","sce_S","Y_S","Delta.Temp","Gamma.re.t_N","Gamma.re.t_S","Gamma.ce.t_N","Gamma.ce.t_S","L_N","L_S","Consumption_N","Consumption_S","Utility.Consumer_N","Utility.Consumer_S","CO2.Concentration","Cost.S.Damage","policy.status","dS.lag","time.300yr","Are.N.300yr","Ace.N.300yr","Are.S.300yr","Ace.S.300yr","S.300yr","RelPrice_N.300yr","RelLabor_N.300yr","Labor.re_N.300yr","Price.re_N.300yr","Agg.demand.re.tech_N.300yr","Profits.re_N.300yr","Yre_N.300yr","sre_N.300yr","Labor.ce_N.300yr","Price.ce_N.300yr","Agg.demand.ce.tech_N.300yr","Profits.ce_N.300yr","Yce_N.300yr","sce_N.300yr","Y_N.300yr","RelPrice_S.300yr","RelLabor_S.300yr","Labor.re_S.300yr","Price.re_S.300yr","Agg.demand.re.tech_S.300yr","Profits.re_S.300yr","Yre_S.300yr","sre_S.300yr","Labor.ce_S.300yr","Price.ce_S.300yr","Agg.demand.ce.tech_S.300yr","Profits.ce_S.300yr","Yce_S.300yr","sce_S.300yr","Y_S.300yr","Delta.Temp.300yr","Gamma.re.t_N.300yr","Gamma.re.t_S.300yr","Gamma.ce.t_N.300yr","Gamma.ce.t_S.300yr","L_N.300yr","L_S.300yr","Consumption_N.300yr","Consumption_S.300yr","Utility.Consumer_N.300yr","Utility.Consumer_S.300yr","CO2.Concentration.300yr","Cost.S.Damage.300yr","policy.status.300yr","dS.lag.300yr","Y.Total_N","Y.Total_S","Consumption.Total_N","Consumption.Total_S","Utility.Consumer.Total_N","Utility.Consumer.Total_S","Y.Total_N.300","Y.Total_S.300","Consumption.Total_N.300","Consumption.Total_S.300","Utility.Consumer.Total_N.300","Utility.Consumer.Total_S.300","Policy.Start.Time","Policy.Duration","ce.tax_N","RD.subsidy_N","RD.subsidy.GF_N","Tec.subsidy_N","Tec.subsidy.GF_N","ce.tax_S","RD.subsidy_S","Tec.subsidy_S","epsilon","alfa","Eta.re","Eta.ce","Gamma.re","Gamma.ce","Nu.re","Nu.ce","k.re","k.ce","labor.growth_N","labor.growth_S","lambda.S","sigma.utility","rho","Yre.0_N","Yce.0_N","Yre.0_S","Yce.0_S","size.factor","TimeStep","EndTime","Climate.Model","Beta.Delta.Temp","CO2.base","CO2.Disaster","Delta.Temp.Disaster","qsi","Delta.S","S.0","Future.ID","policy.name"
1,2112,162.14350367358,301.09905515814,24.8245156001451,150.432337997154,492.723498276164,1.51391883600254,0.436309646550596,0.303771298618251,1.81437323668623,119.841004863344,26.4968461752854,66.0509108270477,1.35821259427983e-15,0.696228701381749,1.19846136631541,274.669620098457,60.7294530037689,229.18521015234,0.999999999999999,394.510624961801,3.34386305533235,0.0894340779723566,0.328368938628431,3.49018912565159,52.6580996495371,11.6427058325126,15.087463101217,3.30403772008657e-52,3.67163106137157,1.04375958820619,588.792335577197,130.181985396118,564.107235258167,1,641.450435226734,5.11494596187222,0.25,0.25,0.25,0.25,1,4,351.548417903461,142.899120707636,0.000720830302764541,0.000717625156413342,805.492701723836,0.936931697720251,0,-7.01902023796237,2312,162.14350367358,818.47209020424,24.8245156001451,409.192933464215,-2694.65344634227,2.95855668973394,0.114245791108772,0.102531947637054,3.12298858249105,90.9753072781037,20.1146404391887,29.1308485045876,1.86977603812387e-68,0.897468052362946,1.05557841542387,796.31211264043,176.064608104799,754.384611322947,1,887.287419918533,6.53765079515743,0.0233968053226528,0.091447638690943,6.61368867723773,38.0711666758874,8.41753495203869,5.75641953134512,2.5605457325996e-153,3.90855236130906,1.01163076531047,1627.19508714409,359.772833767558,1608.48715059066,1,1665.26625381998,7.5,0.25,0.25,0.25,0.25,1,4,790.661819889405,370.979689694745,-100,-100,3992.86964634227,0,0,-28.4914245131908,7089.11779994922,10508.1429494002,6291.0146855471,2340.37814197746,3.28210999690627,3.25500567750364,31261.4835319326,53753.2103997698,27831.0097893175,11974.2980432335,-2896.71626627098,-2896.74337755812,10.6230263797885,59.995727322116,0.5,0,0,0,0,0.149410686375861,0,0,3,0.33,0.02,0.02,0.25,0.25,0.02,0.02,0,0,0,0,0.1443,2,0.015,45.55074,193.2,27.82166,257.54634,4,5,300,"bcc-csm1-1",4.997053041,289.4150457,1298.216153,7.5,0.0100539,0.001822767,915.9700854,1,"Nordhaus"
2,2112,161.835035478377,301.672911833754,24.8245156184789,150.43727917837,530.852321466832,1.51778663567908,0.434088770368891,0.30269309636755,1.81760179121997,119.505149239598,26.422588496875,65.7488069261784,1.09666608021628e-15,0.697306903632451,1.19753445477318,275.301176618878,60.8690901504339,229.889983976304,0.999999999999999,394.806325858475,3.34393664227225,0.0894301418285768,0.328355672915276,3.49025962752501,52.65755991142,11.642586496415,15.0870036991375,3.28915456967778e-52,3.67164432708472,1.04375770264395,588.812215151756,130.186380770053,564.127300483849,1,641.469775063176,4.8726236945952,0.25,0.25,0.25,0.25,1,4,351.811916972487,142.903429139699,0.605460937362756,0.602791769612354,767.363878533169,0.945411420526721,0,-6.95677106343138,2312,161.835035478377,820.031994377515,24.8245156184789,409.869148273266,-2645.34821508344,2.96611528821015,0.113664264300176,0.102063312924567,3.13015014064086,90.6967479470319,20.0530509710887,28.9752068980509,1.22789986749095e-68,0.897936687075433,1.0553029253727,797.935468156557,176.423532009415,756.119829644888,1,888.632216103588,6.5448873945386,0.0233450948216388,0.0912501362043764,6.62084216751844,38.0502871767559,8.41291849478072,5.74704640497683,1.39995265802879e-153,3.90874986379562,1.01160520699611,1629.90501719816,360.371999302514,1611.20663073498,1,1667.95530437492,7.5,0.25,0.25,0.25,0.25,1,4,791.860167769908,371.578742932123,-100,-100,3943.56441508344,0,0,-28.4461666704732,7130.63117594159,10293.7379107399,6332.55981345789,2286.85711107352,16.4955522251546,16.3880582122812,31333.0821612752,53590.0323415244,27899.3638864887,11932.1891028915,-2877.7520376333,-2877.88355849019,10.1030170974168,59.9152799198714,0.444711103204491,0,0,0,0,0.49999375,0,0,3,0.33,0.02,0.02,0.25,0.25,0.02,0.02,0,0,0,0,0.1443,2,0.001,45.55074,193.2,27.82166,257.54634,4,5,300,"bcc-csm1-1",4.997053041,289.4150457,1298.216153,7.5,0.0100539,0.001822767,915.9700854,2,"Nordhaus"
3,2112,306.010250610705,255.609050920496,123.79505419118,81.5460730471826,879.531439644703,0.886406576751523,2.96007880285039,0.747479772553966,1.03286724771222,240.047600297087,53.0745244256859,232.408957519747,0.999999999999999,0.252520227446034,1.1652296754131,81.0950033039439,17.930105230502,69.5957243581131,5.55111512312578e-16,321.142603601031,0.756012258661669,12.3948267745288,3.70137725053628,1.00865831052252,464.146213117601,102.622727720302,460.161987737111,1,0.298622749463718,1.33418248046414,37.4467688464527,8.27948059195069,28.0672017469646,0,501.592981964054,1.84519495373908,0.25,0.25,0.25,0.25,1,4,286.170174068879,111.742376557042,0.000720485730385572,0.000716521299645052,418.684760355297,0.994823796930271,0,0,2312,831.8221035589,255.609050920496,405.16526714139,81.5460730471826,879.531439644703,0.453581848729566,1230.54924651442,0.999188014606131,1.00009026132137,831.258649391576,183.791287380477,831.183625659221,1,0.000811985393868933,2.20487275697322,0.675518392901501,0.149357116670522,0.306375227670204,0,831.934167784477,0.341606767006153,15785.6261520746,3.99974662097135,1.00000703855405,1620.57543267287,358.309228163971,1620.56402624537,1,0.000253379028645354,2.92736308275778,0.102661460309567,0.0226984488744453,0.0350696027131875,0,1620.67809413318,1.84519495373908,0.25,0.25,0.25,0.25,1,4,741.336536912748,361.046562420518,3.77460447478711e-10,3.76920625185006e-10,418.684760355297,0.994823796930271,0,3.49266065312181e-14,5634.50365214272,7721.83329478319,4989.14672537054,1711.65302239478,3.27895574652441,3.24518688178288,27051.3082821762,47432.6818811522,24073.6613311934,10558.2373162231,3.28061000948872,3.24683318231412,10.4356114924392,59.9985649340044,0.460988459339791,0,0,0,0,0.409621516428051,0,0,10,0.33,0.02,0.02,0.25,0.25,0.02,0.02,0,0,0,0,0.1443,2,0.015,45.55074,193.2,27.82166,257.54634,4,5,300,"bcc-csm1-1",4.997053041,289.4150457,1298.216153,7.5,0.0100539,0.001822767,915.9700854,3,"Nordhaus"
4,2112,306.175989229547,255.470676361646,123.893584029997,81.4520129472703,879.978239626458,0.885763646148342,2.97947217192206,0.748710392535047,1.03267847919358,240.507411133791,53.1761886016812,232.896701131607,1,0.251289607464953,1.16586234226714,80.7214826170501,17.8475198066298,69.2375760761593,4.44089209850063e-16,321.228893750841,0.755025315387124,12.5414103857146,3.70460979424863,1.0085604805388,464.854009002629,102.779221390481,460.90841151568,1,0.295390205751371,1.33579690638807,37.0655288923583,8.19518843810043,27.7478774768102,0,501.919537894988,1.8398594948107,0.25,0.25,0.25,0.25,1,4,286.247067221375,111.815125054556,0.605154260040466,0.601827528257172,418.237960373542,0.99485652721271,0,0,2312,832.272627692268,255.470676361646,405.396290397621,81.4520129472703,879.978239626458,0.453252855676995,1238.61136022912,0.999193295550458,1.00008967402166,831.712535143143,183.891641520149,831.637958822809,1,0.000806704449542292,2.20647186552833,0.671487895112874,0.148465973609456,0.304326515829872,0,832.384023038256,0.341212375551893,15950.6002413298,3.9997492414592,1.00000696575762,1621.5003630388,358.513730267878,1621.48906813896,1,0.000250758540803712,2.93074647172503,0.101657639117386,0.0224765040088541,0.0346866029177717,0,1621.60202067792,1.8398594948107,0.25,0.25,0.25,0.25,1,4,741.73740292939,361.252390156523,0.22366217147689,0.223342504579801,418.237960373542,0.99485652721271,0,0,5649.47100024186,7744.16225152893,5004.13292474622,1717.21939648116,16.4808109580675,16.3372425979645,27077.1309172264,47479.276002403,24098.3206767711,10569.2093623321,31.6238354328216,31.4330859114896,10.3272539883288,59.9324049320164,0.427630078132493,0,0,0,0,0.381451363019151,0,0,10,0.33,0.02,0.02,0.25,0.25,0.02,0.02,0,0,0,0,0.1443,2,0.001,45.55074,193.2,27.82166,257.54634,4,5,300,"bcc-csm1-1",4.997053041,289.4150457,1298.216153,7.5,0.0100539,0.001822767,915.9700854,4,"Nordhaus"
5,2112,120.124980666472,406.420475143987,24.8245156001451,174.0114923284,15.5790220450664,2.26286844549065,0.195290621286659,0.163383379580474,2.47397930500586,75.8576715771761,16.7721311857136,30.6622094306469,9.67298430302433e-31,0.836616620419526,1.09329347445535,388.434790556725,85.8829321920918,355.288675577462,1,464.292462133901,3.68652420393427,0.0735810228673334,0.274151726977485,3.81974615729805,50.3013894835447,11.1216372148117,13.1687780842291,1.53903305215997e-61,3.72584827302252,1.03613755016761,683.619057243036,151.148173556435,659.776356075939,1,733.92044672658,7.40083339927733,0.25,0.25,0.25,0.25,1,4,413.731013007519,163.499127519514,0.000720223857697843,0.000715936105597804,955.290677954933,0.623782287724578,0,-10.0510177874828,2312,120.124980666472,1104.76539230223,24.8245156001451,541.641078068025,-4929.561291076,4.42218196787971,0.0511360032979847,0.0486483225172987,4.53383869993635,55.7829268958444,12.3336051366712,12.3036858141044,4.05485284245057e-100,0.951351677482701,1.02524923959883,1090.87381293334,241.192200039561,1064.0084096626,1,1146.65673982918,7.88890349444643,0.0160681809308913,0.0632563098912127,7.95203108298057,34.6722283420605,7.66602968642957,4.36017263768852,1.34928796215944e-204,3.93674369010879,1.00800207387232,2157.81913902915,477.093811639345,2140.68918602491,1,2192.49136737121,7.5,0.25,0.25,0.25,0.25,1,4,1021.78582086179,488.432264366121,-100,-100,5900.430991076,0,0,-45.5791636762523,7979.4934126345,11130.0871521774,7104.37186798837,2478.5645727036,3.28236877969068,3.25486380830451,38237.4077579261,66029.0813373778,34067.1993410777,14708.6880023116,-3996.71763122031,-3996.7451361917,9.95655470091277,59.9996639616763,0.228232489731082,0,0,0,0,0.191107045191187,0,0,3,0.33,0.02,0.02,0.25,0.25,0.02,0.02,0,0,0,0,0.1443,2,0.015,45.55074,193.2,27.82166,257.54634,4,5,300,"MIROC-ESM-CHEM",6.130331874,285.6500417,970.869657,7.5,0.010039094,0.002779791,589.8958142,5,"Nordhaus"
6,2112,161.724038119575,301.879983352429,24.8245156002953,150.578492840952,183.147471111989,1.51918277014538,0.433291278682863,0.302305110710672,1.81876779416906,119.384326270711,26.3958745384543,65.6402244714557,1.01529795470812e-15,0.697694889289329,1.19720143613465,275.52903126419,60.9194688125124,230.144253880766,0.999999999999999,394.913357534901,3.34603939007056,0.0893177761782093,0.327976934303135,3.49227427329294,52.6421422680582,11.6391776554677,15.0738854249328,2.89101282985973e-52,3.67202306569687,1.04370387379669,589.38035092841,130.311995590271,564.700741010396,1,642.022493196468,6.21847539172152,0.25,0.25,0.25,0.25,1,4,351.907292899351,143.026560921843,0.605318636346424,0.602444299687786,787.722228888011,0.876818305111357,0,-7.4039321196827,2312,161.724038119575,820.594873126438,24.8245156002953,410.16444857372,-3393.342493968,2.96884366629491,0.113455444555995,0.101894912015305,3.13273565991442,90.5965746721484,20.030902660012,28.9193166954352,1.05512329700173e-68,0.898105087984695,1.05520398243941,798.521173018145,176.553031354312,756.745791626117,1,889.117747690293,6.54804635702209,0.0233225755888626,0.0911641202694736,6.6239649073429,38.0411831905454,8.41090560342959,5.74296267004305,1.07548643367818e-153,3.90883587973053,1.01159407648961,1631.08842956056,360.63365177584,1612.39420778411,1,1669.1296127511,7.5,0.25,0.25,0.25,0.25,1,4,792.29282496682,371.840349480627,-100,-100,4364.212193968,0,0,-33.0003208411605,7092.4516320279,10344.3870217272,6293.98103195923,2299.33314892172,16.4942306607715,16.3866125415487,31305.7707806471,53672.9102806363,27870.4697252938,11951.8449179252,-3581.23069631069,-3581.34992879711,10.7827975398882,59.4784963314643,0.5,0,0,0,0,0.448596613184334,0,0,3,0.33,0.02,0.02,0.25,0.25,0.02,0.02,0,0,0,0,0.1443,2,0.001,45.55074,193.2,27.82166,257.54634,4,5,300,"MIROC-ESM-CHEM",6.130331874,285.6500417,970.869657,7.5,0.010039094,0.002779791,589.8958142,6,"Nordhaus"
7,2112,306.388712407381,255.293370147832,124.020034030893,81.3314259720165,552.446055242669,0.884939823227659,3.00452862989398,0.750282719285621,1.03243779624496,241.096044963378,53.3063355414028,233.521133999799,1,0.249717280714379,1.16667570963112,80.2442162023549,17.7419962023407,68.7802236216326,3.33066907387547e-16,321.340261165733,0.753760859664369,12.7320331331207,3.70871028629022,1.00843651927135,465.758054469601,102.979105843229,461.86155059729,1,0.291289713709783,1.33787328745138,36.5815930260181,8.08819021805259,27.3430924805331,0,502.339647495619,2.34011409124898,0.25,0.25,0.25,0.25,1,4,286.346306724784,111.908714970836,0.000720478066525474,0.000716507360110619,418.423644757331,0.991220749790262,0,0,2312,832.850869398725,255.293370147832,405.692801362077,81.3314259720165,552.446055242669,0.452831298364388,1249.02770780711,0.999200017732603,1.00008892644527,832.295058455745,184.020437424565,832.221051995909,1,0.000799982267396512,2.20852430045706,0.666354359677884,0.14733094892478,0.301719279040751,0,832.961412815424,0.340706898482814,16164.8491619723,3.99975256480746,1.00000687343601,1622.6874695524,358.776199518035,1622.67631619058,1,0.000247435192542151,2.93509429333274,0.100383706231528,0.0221948374477909,0.0342011861286897,0,1622.78785325863,2.34011409124898,0.25,0.25,0.25,0.25,1,4,742.251914959824,361.516564009691,3.77459218882298e-10,3.76918173101188e-10,418.423644757331,0.991220749790262,0,0,5690.46544114268,7776.70714583311,5045.15022492401,1725.33407396323,3.27907140877195,3.24549526364432,27132.0640068411,47542.9693478688,24151.7587068178,10584.2631360217,3.28072565622678,3.24714153599976,10.1885739581885,59.9992536434141,0.352981941522818,0,0,0,0,0.343383571686705,0,0,10,0.33,0.02,0.02,0.25,0.25,0.02,0.02,0,0,0,0,0.1443,2,0.015,45.55074,193.2,27.82166,257.54634,4,5,300,"MIROC-ESM-CHEM",6.130331874,285.6500417,970.869657,7.5,0.010039094,0.002779791,589.8958142,7,"Nordhaus"
8,2112,308.023325743918,253.938634239371,124.991350987516,80.4079404142769,558.28132708632,0.878652737557862,3.20364659631604,0.7621113057229,1.03064491810558,245.565742325999,54.2945856282783,238.264156754754,1,0.2378886942771,1.17298322084578,76.6519448831782,16.9477450136707,65.3478613512549,0,322.217687209177,0.744116121691033,14.2966266248306,3.73850443642869,1.00754036567231,472.549380037524,104.480667926297,469.012851631211,1,0.261495563571311,1.35400959111413,33.0532084552585,7.30806438945766,24.4113547438471,0,505.602588492783,2.25401968850539,0.25,0.25,0.25,0.25,1,4,287.128181072098,112.63561665148,0.605154536111141,0.601851317759017,412.58837291368,0.991932011765316,0,-2.3965736810329e-14,2312,837.294209117223,253.938634239371,407.97112843999,80.4079404142769,558.28132708632,0.449614142701824,1331.80403897467,0.999249702153687,1.00008340119553,836.7701388917,185.009877708955,836.700357081617,1,0.000750297846313031,2.22431482067229,0.62829824388873,0.138916741723798,0.282468218100003,0,837.398437135589,0.336843809740256,17911.9498383469,3.99977669786182,1.00000620302956,1631.80852051411,360.792863885671,1631.79839842042,1,0.000223302138179222,2.96875339285786,0.0911016687318234,0.0201425789566061,0.0306868428179292,0,1631.89962218285,2.25401968850539,0.25,0.25,0.25,0.25,1,4,746.205747331524,363.546438331784,0.223663099435472,0.223344611221072,412.58837291368,0.991932011765316,0,1.32105816707992e-14,5610.76847844187,7662.14289739502,4965.66301800138,1696.55490393963,16.4796562580129,16.3311121730207,27159.6871087063,47667.9183855866,24167.90440943,10608.8415383215,31.622762277737,31.4273113829894,9.1256141681537,60.1417695924394,0.499986258772416,0,0,0,0,0.499978813100595,0,0,10,0.33,0.02,0.02,0.25,0.25,0.02,0.02,0,0,0,0,0.1443,2,0.001,45.55074,193.2,27.82166,257.54634,4,5,300,"MIROC-ESM-CHEM",6.130331874,285.6500417,970.869657,7.5,0.010039094,0.002779791,589.8958142,8,"Nordhaus"
9,2112,188.818089353777,258.562362273796,24.8245156298999,147.115676685404,604.814211257155,1.21366542090204,2.29126763352232,0.696165699253756,1.57257233661709,278.959282656202,123.355794781601,168.498150112361,1,0.303834300746244,1.2957214645271,115.64582232173,25.5692913153345,89.2520695903865,0,358.639459798775,3.29428655760122,0.310993297266313,0.948878374633331,3.44272042483733,149.086128494224,32.962943010073,43.3047445324488,1.92170183353457e-32,3.05112162536667,1.04505797071406,479.38695079514,105.992454820806,458.718046490368,1,608.533094527328,4.36616634948972,0.25,0.25,0.25,0.25,1,4,315.666963866678,135.023094048179,0.000720639284520962,0.000717446917438028,693.401988742845,0.959901765127383,1,-4.37979551243474,2312,513.260781212612,258.562362273796,24.8245156298999,217.56341786214,-773.005198432872,0.621043006407778,8.75045077572496,0.897440639104642,1.17715522162883,634.456273863229,280.556564281915,511.956326552633,1,0.102559360895358,1.89544880061962,68.8709734496411,15.2273722297156,36.3349162621154,0,649.085222344107,4.28166228977429,0.184097952039147,0.621901090943059,4.39688889598943,140.773447451472,31.1250092315204,32.0166032805324,1.23671513428094e-60,3.37809890905694,1.02691165216144,764.66601552166,169.067656031839,744.626876043519,1,885.835009612123,7.5,0.25,0.25,0.25,0.25,1,4,572.492885111736,196.808163023587,-100,-100,2071.22139843287,0,1,-9.23720280053582,6924.37079427811,10111.5774051155,6103.60594254933,2242.52587735417,3.2820013975186,3.25412917963959,26112.8431417216,41035.9886716083,23007.6679490279,9110.14243821558,-1896.71634508994,-1896.74422429467,9.54959920793753,300,0.5,0.999999999854542,0,0.0501282942987178,0,0.5,0,0,3,0.33,0.02,0.02,0.25,0.25,0.02,0.02,0,0,0,0,0.1443,2,0.015,45.55074,193.2,27.82166,257.54634,4,5,300,"bcc-csm1-1",4.997053041,289.4150457,1298.216153,7.5,0.0100539,0.001822767,915.9700854,1,"Nordhauds+TechnologyPolicy"
10,2112,162.317230004333,300.776806270278,24.8245156244272,150.17169948661,539.272159404276,1.51174803568327,0.437563587185009,0.304378596596087,1.8125623088303,120.030216930065,26.5386809632375,66.2212914531608,1.53177976790794e-15,0.695621403403913,1.19898439822418,274.314912038863,60.6510270517927,228.789392460112,0.999999999999998,394.345128968929,3.33998025423683,0.0896421370356711,0.329070009276767,3.48646928836207,52.6866028820038,11.6490078972111,15.1117358348382,4.19249806909381e-52,3.67092999072323,1.0438592515448,587.743717678645,129.950135978748,563.048817940586,1,640.430320560648,4.81749090952535,0.25,0.25,0.25,0.25,1,4,351.400944424213,142.671864662898,0.605462227530144,0.602792911055516,758.944040595724,0.947186401094477,0,-6.9197638748955,2312,162.317230004333,817.596126911224,24.8245156244272,408.718342638491,-2622.83966669493,2.9543144307419,0.114574130031967,0.102796329956699,3.11896998313383,91.1323090824526,20.1493535381303,29.2187195052407,2.36815456389941e-68,0.897203670043301,1.05573392956368,795.400401967059,175.863028874917,753.409907263081,1,886.532711049511,6.53256953714864,0.0234332171634321,0.0915866976777636,6.60866588334456,38.0858475427272,8.42078089169698,5.76301604817286,3.91174170982864e-153,3.90841330232224,1.01164876175649,1625.29315872858,359.352317394888,1606.57850844066,1,1663.3790062713,7.5,0.25,0.25,0.25,0.25,1,4,789.98929881622,370.559258122089,-100,-100,3921.05586669493,0,0,-28.3319511298626,7095.92901017106,10265.634210431,6279.34570527201,2280.09623948829,16.4950183490916,16.387393127419,31251.42084097,53456.5187237521,27804.3044756969,11901.9455369434,-2777.30460727251,-2777.43926530092,9.87386847286235,60.2032104823578,0.5,1.00000014885048,0,0.0500488368794661,0,0.499999220781272,0,0,3,0.33,0.02,0.02,0.25,0.25,0.02,0.02,0,0,0,0,0.1443,2,0.001,45.55074,193.2,27.82166,257.54634,4,5,300,"bcc-csm1-1",4.997053041,289.4150457,1298.216153,7.5,0.0100539,0.001822767,915.9700854,2,"Nordhauds+TechnologyPolicy"
11,2112,307.263795689364,254.566301498967,124.540196560993,80.836200035578,881.986575917098,0.88156426948396,3.10966914152779,0.756671409409799,1.03146558371587,243.500815380248,53.8380302805728,236.072651598351,1,0.243328590590201,1.17004014275631,78.3044125590206,17.3131056167995,66.9245521564378,1.11022302462516e-16,321.805227939268,0.748580568969407,13.5473094505534,3.72503506482789,1.00794451326794,469.428230094439,103.79058167388,465.728245865904,1,0.274964935172107,1.34647432093462,34.6510302881774,7.66134279671603,25.7346387891937,0,504.079260382616,1.81580635613881,0.25,0.25,0.25,0.25,1,4,286.760638616682,112.296257231737,0.000720491415185387,0.000716554542838501,416.229624082902,0.995002555300278,0,0,2312,835.229592399601,254.566301498967,406.912557389252,80.836200035578,881.986575917098,0.45110399855282,1292.73619885439,0.999227044894558,1.0000859208009,834.691026739505,184.550186012105,834.619315579465,1,0.000772955105442286,2.21697418779097,0.645677770514354,0.142759355060724,0.291242800241043,0,835.33670451002,0.338633729978408,17077.6485334409,3.99976578943046,1.00000650606079,1627.57073079528,359.855888578836,1627.56014179005,1,0.000234210569540545,2.95306231344573,0.0953041472664236,0.0210717469606063,0.0322729889012128,0,1627.66603494255,1.81580635613881,0.25,0.25,0.25,0.25,1,4,744.368537388879,362.603300934326,3.77462626745528e-10,3.76925331316606e-10,416.229624082902,0.995002555300278,0,0,5755.40290120675,7771.77118411931,5090.42770439424,1724.02877474802,3.27901984160017,3.24490734784204,27254.4083412627,47666.230141518,24248.1914520281,10611.5168689825,3.28067411996257,3.24655371879717,9.61880836410916,59.9998811078739,0.302871175485189,1,0,0.0500017628777446,0,0.338082228663961,0,0,10,0.33,0.02,0.02,0.25,0.25,0.02,0.02,0,0,0,0,0.1443,2,0.015,45.55074,193.2,27.82166,257.54634,4,5,300,"bcc-csm1-1",4.997053041,289.4150457,1298.216153,7.5,0.0100539,0.001822767,915.9700854,3,"Nordhauds+TechnologyPolicy"
12,2112,308.216670245894,253.779292330935,125.106300752592,80.2989765955899,885.656051944926,0.877914129214991,3.22798607188844,0.763480772406294,1.03043934495145,246.088146643168,54.4100892228044,238.818662979879,1,0.236519227593706,1.17373591637356,76.2358142701654,16.8557385351336,64.9514198267936,0,322.323960913333,0.742982619473739,14.4941285830543,3.74183769170635,1.00744060127553,473.335716894652,104.654527005408,469.839826085389,1,0.258162308293655,1.35594100705761,32.6570662170093,7.22047734058075,24.0844299619457,0,505.992783111662,1.77155705039811,0.25,0.25,0.25,0.25,1,4,287.222881569871,112.7225422577,0.605162376734641,0.601873696271309,412.560148055074,0.995264725301039,0,0,2312,837.819773958489,253.779292330935,408.240634782232,80.2989765955899,885.656051944926,0.449236190478983,1341.92232472865,0.999255355293761,1.00008277254677,837.299326121411,185.126881005444,837.230026459888,1,0.000744644706239474,2.22618478595963,0.62395513562286,0.137956480486214,0.280280028665229,0,837.923281257035,0.33638903604547,18131.0730945083,3.9997793964331,1.00000612806462,1632.88741465915,361.031407381138,1632.87740828087,1,0.000220603566903307,2.97276671029626,0.0900601639046801,0.0199123022393248,0.0302950660718698,0,1632.97747482305,1.77155705039811,0.25,0.25,0.25,0.25,1,4,746.673435928144,363.786556953706,0.223664301538135,0.223347099479135,412.560148055074,0.995264725301039,0,0,5692.62933544177,7731.52069752597,5026.40432894269,1713.87962595148,16.4809692388374,16.3353506431589,27254.2662114159,47765.6540716285,24239.9789491232,10632.4836883672,31.6242196940825,31.4318941768716,9,59.9396769782783,0.416409869307305,1,0,0.0501015451333597,0,0.397248021246802,0,0,10,0.33,0.02,0.02,0.25,0.25,0.02,0.02,0,0,0,0,0.1443,2,0.001,45.55074,193.2,27.82166,257.54634,4,5,300,"bcc-csm1-1",4.997053041,289.4150457,1298.216153,7.5,0.0100539,0.001822767,915.9700854,4,"Nordhauds+TechnologyPolicy"
13,2112,162.14787311937,301.090916845327,24.8245156001451,150.423238494981,167.070709206861,1.51386408703485,0.436341205440051,0.303786595961626,1.81432755422329,119.845765612844,26.4978987769997,66.0551978797178,1.36233775394548e-15,0.696213404038374,1.19847453266227,274.660664907819,60.7274730111188,229.175220184022,0.999999999999999,394.506430520662,3.34372753512791,0.0894413275882514,0.328393371256631,3.49005928734349,52.6590937616386,11.6429256306983,15.0883092309073,3.33162255920461e-52,3.67160662874337,1.0437630610384,588.755726033696,130.17389102605,564.070283774907,1,641.414819795334,6.34233078136801,0.25,0.25,0.25,0.25,1,4,351.544680236962,142.891186479906,0.000720651623991147,0.000717185323725476,803.798990793139,0.866417234912164,0,-7.43266015116549,2312,162.14787311937,818.449967976443,24.8245156001451,409.180021789525,-3412.0044889232,2.95844969725811,0.114254054667274,0.102538603461839,3.12288722358119,90.9792573295898,20.1155137955723,29.1330588702012,1.88095966692991e-68,0.897461396538161,1.05558232964903,796.289090960803,176.059518011434,754.360004515764,1,887.268348290393,6.5375125807763,0.0233977946313882,0.0914514170506521,6.6135520519467,38.0715657875464,8.4176231956265,5.75659879721367,2.59023646588001e-153,3.90854858294935,1.01163125427766,1627.1433435215,359.761393252604,1608.43522443693,1,1665.21490930905,7.5,0.25,0.25,0.25,0.25,1,4,790.644825161569,370.968251421323,-100,-100,4382.8741889232,0,0,-32.9888736888308,7154.7504689132,10418.5004792103,6339.34065021795,2317.97990912307,3.28212164555851,3.25464260047638,31326.6895243071,53661.9514292501,27878.9555424794,11951.5396945182,-3596.71661405326,-3596.74409982861,10.6011156848227,59.9945279049392,0.452829734364352,1,0,0.0500049008768235,0,0.34105887211203,0,0,3,0.33,0.02,0.02,0.25,0.25,0.02,0.02,0,0,0,0,0.1443,2,0.015,45.55074,193.2,27.82166,257.54634,4,5,300,"MIROC-ESM-CHEM",6.130331874,285.6500417,970.869657,7.5,0.010039094,0.002779791,589.8958142,5,"Nordhauds+TechnologyPolicy"
14,2112,162.05031053679,301.272145295708,24.8245156002418,150.347422261177,185.207417165805,1.5150853725199,0.435638033974528,0.303445592597234,1.81534671234554,119.739528005809,26.4744096420843,65.9595917361138,1.27329828217016e-15,0.696554407402766,1.19818113571134,274.86013310952,60.771575430515,229.397813834166,0.999999999999999,394.599661115329,3.34259828776784,0.0895017706539593,0.328597063592607,3.48897740224676,52.6673794258095,11.6447575910465,15.0953627248757,3.57059792825061e-52,3.67140293640739,1.0437920150365,588.450698136883,130.106449358065,563.762406360528,1,641.118077562692,6.20242316757248,0.25,0.25,0.25,0.25,1,4,351.627758019869,142.825079729029,0.605319914476909,0.602444467179012,785.662282834195,0.878085590673526,0,-7.38146668473794,2312,162.05031053679,818.942597982266,24.8245156002418,409.365110448191,-3381.73296162376,2.96083637893786,0.114069932264319,0.10239027996427,3.12514832653458,90.8911264392264,20.096028055713,29.0837800137359,1.64697154234923e-68,0.89760972003573,1.05549511238296,796.80179197982,176.172876206738,754.90808307099,1,887.692918419047,6.53949374426092,0.0233836198843908,0.0913972802770963,6.6155104437396,38.0658460944325,8.41635857147903,5.75403008099776,2.19566512925706e-153,3.9086027197229,1.01162424836714,1627.88508719484,359.92539277878,1609.17958404259,1,1665.95093328927,7.5,0.25,0.25,0.25,0.25,1,4,791.023159603212,371.132219163518,-100,-100,4352.60266162376,0,0,-32.9178114146736,7116.85288536247,10343.3455614135,6301.07839226112,2299.33149323819,16.4943255550028,16.3867200490419,31298.2874408557,53595.3473915764,27849.1547246611,11934.7962009527,-3581.23055024738,-3581.34970967683,10.2590776705233,59.8747206180504,0.5,0.999999995856461,0,0.050094846508761,0,0.438130466336408,0,0,3,0.33,0.02,0.02,0.25,0.25,0.02,0.02,0,0,0,0,0.1443,2,0.001,45.55074,193.2,27.82166,257.54634,4,5,300,"MIROC-ESM-CHEM",6.130331874,285.6500417,970.869657,7.5,0.010039094,0.002779791,589.8958142,6,"Nordhauds+TechnologyPolicy"
15,2112,306.631927902406,255.090821596036,124.158391975384,81.2054105105096,550.429148494549,0.883999251988353,3.03342262916255,0.752071604703713,1.03216464430936,241.767226852727,53.454733857138,234.233199311432,1,0.247928395296287,1.1676080516898,79.7011351232233,17.6219209757447,68.2601794393909,2.22044604925031e-16,321.468361975951,0.752415882288469,12.9383356012394,3.71302168964533,1.00830634610856,466.729773916158,103.193953012863,462.884891796473,1,0.286978310354668,1.34009178945267,36.073401425099,7.97582905508939,26.9186049112594,0,502.803175341257,2.36959283610279,0.25,0.25,0.25,0.25,1,4,286.46045735677,112.011977386649,0.000720478433509367,0.000716511711563329,420.440551505451,0.990968524545452,0,0,2312,833.511997648303,255.090821596035,406.02952753981,81.2054105105096,550.429148494549,0.452349999997208,1261.03937746346,0.999207631696873,1.00008807970021,832.961040065511,184.167685958485,832.887679568384,1,0.000792368303126857,2.21087228850754,0.660535313132714,0.146044357733643,0.298766833600602,0,833.621575378645,0.340163979365885,16398.5364415919,3.99975609066669,1.00000677548879,1624.03549896399,359.074248820939,1624.02449540423,1,0.000243909333306236,2.93977856606966,0.0990353928686541,0.0218967253632594,0.0336880450832934,0,1624.13453435686,2.36959283610279,0.25,0.25,0.25,0.25,1,4,742.84018581991,361.81657089135,3.77459495065501e-10,3.76918779447637e-10,420.440551505451,0.990968524545452,0,0,5789.1709913311,7800.12589879106,5123.91748107575,1731.16013611459,3.27923731758957,3.24565418431472,27246.7138335466,47601.4231410127,24244.733907774,10597.8941292505,3.28089156645424,3.24730046604036,10.0298665221883,59.9997473065054,0.270319749628528,1,0,0.0500024489184318,0,0.318938917753542,0,0,10,0.33,0.02,0.02,0.25,0.25,0.02,0.02,0,0,0,0,0.1443,2,0.015,45.55074,193.2,27.82166,257.54634,4,5,300,"MIROC-ESM-CHEM",6.130331874,285.6500417,970.869657,7.5,0.010039094,0.002779791,589.8958142,7,"Nordhauds+TechnologyPolicy"
16,2112,306.674944293813,255.055067987361,124.190211265301,81.169218069309,554.312488186183,0.883833164567938,3.03855677669014,0.752386791793586,1.0321165919629,241.885672087142,53.480922098467,234.358864076701,1,0.247613208206414,1.16777309716303,79.605447540995,17.600764451314,68.1685917704283,2.22044604925031e-16,321.491119628137,0.752062055895928,12.9932232838741,3.71414734697976,1.00827238705532,466.967445295555,103.246502154847,463.136203362013,1,0.28585265302024,1.34067711454232,35.9393073676421,7.94618085898568,26.8068328889995,0,502.906752663198,2.31270777991584,0.25,0.25,0.25,0.25,1,4,286.480736700633,112.035051824544,0.605148680965511,0.601819531057526,416.557211813817,0.991451239052972,0,0,2312,833.628928359165,255.055067987361,406.091786135305,81.169218069309,554.312488186183,0.452265011626516,1263.17372008071,0.999208969476176,1.0000879309272,833.078823874163,184.193727958577,833.005576921418,1,0.000791030523824015,2.21128742046728,0.659512472932806,0.145818207765443,0.298248190998816,0,833.738336347096,0.340027463058122,16457.8857528556,3.99975697018255,1.00000675105614,1624.28481861474,359.12937339572,1624.27385305077,1,0.000243029817453227,2.94095877451289,0.098693407100175,0.0218211123098487,0.0335582422832573,0,1624.38351202184,2.31270777991584,0.25,0.25,0.25,0.25,1,4,742.944231518897,361.872036890666,0.223661623739843,0.223341434941454,416.557211813817,0.991451239052972,0,0,5741.72890052621,7754.02193309243,5077.41918578826,1719.63173439285,16.4817353214802,16.3365521717463,27202.0927107664,47562.2086266855,24200.7493770933,10587.9005250581,31.6246835627808,31.4322695294618,10.002094836884,59.9945587726463,0.356708047796909,1,0,0.0500293974548513,0,0.390647555583011,0,0,10,0.33,0.02,0.02,0.25,0.25,0.02,0.02,0,0,0,0,0.1443,2,0.001,45.55074,193.2,27.82166,257.54634,4,5,300,"MIROC-ESM-CHEM",6.130331874,285.6500417,970.869657,7.5,0.010039094,0.002779791,589.8958142,8,"Nordhauds+TechnologyPolicy"
17,2112,162.145861734228,301.094799209976,24.8245255777394,150.451392259781,541.371873568686,1.51388974770279,0.436326413462093,0.303779426022237,1.81434896538666,119.843561271249,26.4974113970731,66.053203412117,1.36039222079163e-15,0.696220573977763,1.1984683614773,274.664924179889,60.7284147361735,229.179954188629,0.999999999999999,394.508485451138,3.34414592391972,0.0894189488350886,0.328317949419565,3.49046013592318,52.6560459921451,11.6422517688633,15.0857033003238,3.24703785346818e-52,3.67168205058044,1.0437523407567,588.868988934956,130.198933453519,564.18459239865,1,641.525034927101,4.80364677415158,0.25,0.25,0.25,0.25,1,4,351.546511385509,142.915739655885,0.000720855058745981,0.000717686708842232,756.844326431314,0.947623773790454,0,-6.9312356076983,2312,162.145861734228,818.460521335158,24.8245255777394,409.194941539073,-2624.68640033522,2.95849984428688,0.114250181452395,0.102535483820584,3.12293473012894,90.9774264479312,20.1151089876376,29.1320294241869,1.87564358734043e-68,0.897464516179415,1.05558049501324,796.300060896085,176.061943464124,754.371707944544,1,887.277487344016,6.53767053014915,0.0233966640689569,0.0914470992154043,6.61370818533602,38.0711249913114,8.41752573557894,5.75639624919089,2.55597318617364e-153,3.9085529007846,1.01163069549562,1627.20312943351,359.77461191775,1608.49521142328,1,1665.27425442483,7.5,0.25,0.25,0.25,0.25,1,4,790.652968972252,370.98147202949,-100,-100,3922.90260033522,0,0,-28.3640783773784,7119.54262607023,10324.8591256528,6303.51022541866,2287.68546565934,3.28212696398001,3.25447416703327,31291.6871180917,53571.4291423647,27843.308182259,11921.9401011323,-2796.71623981007,-2796.74389948527,10.6962790514539,59.9934717263789,0.5,1.00000000045475,0,0.0500071335422974,0.05,0.5,0,0.099999375,3,0.33,0.02,0.02,0.25,0.25,0.02,0.02,0,0,0,0,0.1443,2,0.015,45.55074,193.2,27.82166,257.54634,4,5,300,"bcc-csm1-1",4.997053041,289.4150457,1298.216153,7.5,0.0100539,0.001822767,915.9700854,1,"Nordhaus+TraditionalGreenClimateFund"
18,2112,164.905294279205,296.056338375888,24.8245215971063,150.053465399924,548.726093103268,1.48004064532321,0.45651254389615,0.313428501394835,1.78620276335268,122.853954433691,27.1630093252892,68.779400051479,9.03099060807883e-15,0.686571498605165,1.20686061494116,269.114082573028,59.5011236568964,222.986879546275,0.999999999999991,391.968037006719,3.33821761940175,0.0897368271286791,0.329388986018301,3.48478074984414,52.6995690875706,11.6518747252619,15.1227789839942,4.6708431581551e-52,3.6706110139817,1.0439046063356,587.268023327831,129.844959957783,562.568667446836,1,639.967592415401,4.75485320485724,0.25,0.25,0.25,0.25,1,4,349.282717776687,142.568780400341,0.605454939466001,0.602798914936071,749.490106896732,0.949139329953726,0,-6.84072901043662,2312,164.905294279205,804.764564810244,24.8245215971063,403.127347243791,-2562.65926986476,2.89235066515581,0.119535832271206,0.106772672053474,3.06034187146261,93.4812428708112,20.6687027987364,30.5460130917119,7.64379894308839e-67,0.893227327946526,1.05808120306109,782.035320243709,172.908009305884,739.107091196058,1,875.516563114519,6.47256051950595,0.0238697439461587,0.0932530493738819,6.54935414210189,38.2604971110824,8.45939591126032,5.84187330245719,5.76310844345855e-151,3.90674695062612,1.01186448892436,1602.88678409722,354.398267963895,1584.0923380967,1,1641.1472812083,7.5,0.25,0.25,0.25,0.25,1,4,780.172809391348,365.606585571179,-100,-100,3860.87546986476,0,0,-27.8553516639709,7111.72805669351,10328.0859062721,6296.35681643304,2288.40345782232,16.4952876653333,16.3883064092499,31021.7829503005,53089.9753138093,27602.6067321262,11814.6833705864,-2777.30367749478,-2777.43668496131,11.3711758317271,63.3677790508148,0.5,1.00000018217679,0,0.0506515116430482,0.05,0.5,0,0.099999375,3,0.33,0.02,0.02,0.25,0.25,0.02,0.02,0,0,0,0,0.1443,2,0.001,45.55074,193.2,27.82166,257.54634,4,5,300,"bcc-csm1-1",4.997053041,289.4150457,1298.216153,7.5,0.0100539,0.001822767,915.9700854,2,"Nordhaus+TraditionalGreenClimateFund"
19,2112,308.21641925273,253.779478541566,125.098040444158,80.3145211665635,884.915833455463,0.877915039806032,3.22795593882793,0.763479086710346,1.03043959774245,246.087493010006,54.4099447045123,238.817970067484,1,0.236520913289654,1.1737349868959,76.2363234423081,16.8558511130943,64.951905066684,0,322.323816452314,0.743111855898742,14.4714579699459,3.74145940170796,1.00745191853432,473.264549399919,104.638791872322,469.763907034335,1,0.258540598292042,1.35572042154526,32.7033081520042,7.23070143240813,24.1224574272687,0,505.967857551923,1.78051476649797,0.25,0.25,0.25,0.25,1,4,287.222752840657,112.71698946613,0.000720496025439328,0.000716580055196484,413.300366544537,0.995212324708008,0,0,2312,837.819091691405,253.779478541566,408.237301018691,80.3145211665635,884.915833455463,0.449236656435125,1341.90979799219,0.999255348347674,1.0000827733192,837.298639423085,185.126729176444,837.229339171752,1,0.000744651652326252,2.22618247864112,0.623960448515897,0.137957655166865,0.280282705709177,0,837.922599871601,0.336434505415864,18109.0311625716,3.9997791279339,1.00000613552339,1632.87398878392,361.028438920124,1632.86397030884,1,0.000220872066099306,2.972364960863,0.0901690418512727,0.0199363751533164,0.0303357908731009,0,1632.96415782577,1.78051476649797,0.25,0.25,0.25,0.25,1,4,746.672828745584,363.783590259636,3.77464308888905e-10,3.76928950408555e-10,413.300366544537,0.995212324708008,0,1.01787651071172e-13,5693.68849979552,7966.66080785143,5027.52373923719,1759.15548800608,3.27875388976972,3.24567545492922,27255.3088102929,47999.9894949829,24241.0835979214,10677.5802862818,3.28040818037492,3.24732187967148,9,59.9991544666141,0.41387139223536,1,0,0.0500080084099627,0.0499569343195849,0.254999960205907,0,0.0999132441774907,10,0.33,0.02,0.02,0.25,0.25,0.02,0.02,0,0,0,0,0.1443,2,0.015,45.55074,193.2,27.82166,257.54634,4,5,300,"bcc-csm1-1",4.997053041,289.4150457,1298.216153,7.5,0.0100539,0.001822767,915.9700854,3,"Nordhaus+TraditionalGreenClimateFund"
20,2112,308.216747704259,253.77922295141,125.106319753038,80.2989658901368,885.222241541409,0.877913820587151,3.22799628499789,0.763481343739994,1.03043925927303,246.088362102772,54.4101368609228,238.818891931958,1,0.236518656260006,1.17373623140352,76.2356398136104,16.8556999627893,64.951253760353,0,322.324001916382,0.742982477504483,14.494153508945,3.74183810701948,1.00744058885135,473.335832606108,104.654552589211,469.839946736503,1,0.258161892980519,1.35594124942909,32.6570180393074,7.22046668849087,24.0843901260895,0,505.992850645416,1.77680873229455,0.25,0.25,0.25,0.25,1,4,287.222918107688,112.722557302533,0.605162311516386,0.601873530125683,412.993958458591,0.995234045385643,0,0,2312,837.819984515376,253.77922295141,408.240732802908,80.2989658901368,885.222241541409,0.449236032550312,1341.92657050285,0.999255357648017,1.00008277228497,837.299538193043,185.126927894482,837.230238733136,1,0.000744642351983218,2.22618556799085,0.623953319501891,0.137956078941868,0.280279114406898,0,837.923491512545,0.3363889518827,18131.1139212526,3.99977939692981,1.00000612805082,1632.88780689297,361.031494104035,1632.87780053482,1,0.000220603070186517,2.97276745402604,0.0900599827448528,0.019912262184887,0.0302949975528304,0,1632.97786687571,1.77680873229455,0.25,0.25,0.25,0.25,1,4,746.673623286829,363.786644293237,0.223664292323218,0.223347080558773,412.993958458591,0.995234045385643,0,0,5732.06932246385,7933.95987788399,5066.56226962812,1750.55485423245,16.4816989741828,16.341314739402,27293.7112806147,47968.1020106307,24280.1414185364,10669.1608678551,31.6249482958572,31.4378557080795,9,59.9998673091494,0.341960798827503,1,0,0.0500102906073544,0.05,0.291942841992311,0,0.099999375,10,0.33,0.02,0.02,0.25,0.25,0.02,0.02,0,0,0,0,0.1443,2,0.001,45.55074,193.2,27.82166,257.54634,4,5,300,"bcc-csm1-1",4.997053041,289.4150457,1298.216153,7.5,0.0100539,0.001822767,915.9700854,4,"Nordhaus+TraditionalGreenClimateFund"
21,2112,162.149286606254,301.088286369834,24.824515600159,150.355591288955,171.708285610343,1.51384638398962,0.436351410720248,0.303791542559521,1.8143127829342,119.847305489873,26.4982392438109,66.0565844088083,1.36367416456909e-15,0.696208457440479,1.19847879026717,274.657770195016,60.7268329901179,229.17199071482,0.999999999999999,394.505075684889,3.34271997065586,0.0894952546216233,0.328575105736297,3.48909398013603,52.6664864226337,11.6445601480443,15.0946024161208,3.54404570620482e-52,3.6714248942637,1.04378889370486,588.483564243737,130.11371605429,563.795579539989,1,641.150050666371,6.30685896028174,0.25,0.25,0.25,0.25,1,4,351.543472942804,142.832202537201,0.000720660072379203,0.000717203725519939,799.161414389657,0.869514812957017,0,-7.41700865349957,2312,162.149286606254,818.44281760263,24.824515600159,409.152044435195,-3403.40515116057,2.95841510130624,0.114256726875706,0.102540755752109,3.12285444931985,90.9805349611736,20.1157962799155,29.1337737437583,1.88458919602252e-68,0.897459244247891,1.05558359539911,796.281649658553,176.057872739506,754.352050495333,1,887.262184619726,6.53721308930068,0.0233999385420919,0.0914596050315456,6.61325600403645,38.0724306493974,8.41781441658176,5.7569872731616,2.6557577049265e-153,3.90854039496845,1.01163231390762,1627.03122407405,359.736603642773,1608.32270945293,1,1665.10365472345,7.5,0.25,0.25,0.25,0.25,1,4,790.639332714638,370.943466681016,-100,-100,4374.27485116057,0,0,-32.963825723145,7155.72237108671,10442.6520248713,6340.53703706313,2318.45258790696,3.28212372338228,3.25466115705489,31327.5235470675,53679.2025341349,27880.0290649797,11950.4751276082,-3596.71661183233,-3596.74408093082,10.3692210030526,59.9961845931512,0.449196686469132,1.00000000070342,0,0.0500076674829109,0.05,0.347158876337789,0,0.099999375,3,0.33,0.02,0.02,0.25,0.25,0.02,0.02,0,0,0,0,0.1443,2,0.015,45.55074,193.2,27.82166,257.54634,4,5,300,"MIROC-ESM-CHEM",6.130331874,285.6500417,970.869657,7.5,0.010039094,0.002779791,589.8958142,5,"Nordhaus+TraditionalGreenClimateFund"
22,2112,162.096475080051,301.186339683795,24.8245156087798,150.296542534878,186.645417804082,1.5145071876571,0.435970719614094,0.303606970294811,1.81486418815983,119.789798047812,26.4855243483713,66.0048277051918,1.3146959736199e-15,0.696393029705189,1.1983199571125,274.765695627096,60.7506953031509,229.292430620265,0.999999999999999,394.555493674908,3.34184035189321,0.0895423736082683,0.328733882324295,3.48825127213361,52.6729427153393,11.6459876343615,15.1000999085486,3.74051324620447e-52,3.67126611767571,1.0438114645894,588.245995641951,130.061189636435,563.555791057868,1,640.91893835729,6.19119251691184,0.25,0.25,0.25,0.25,1,4,351.588400413711,142.780716492545,0.605321655686465,0.602447792414823,784.224282195918,0.878962006908383,0,-7.37436895443672,2312,162.096475080051,818.709354147344,24.8245156087798,409.245553985732,-3377.96259926152,2.95970646850249,0.114157044557903,0.102460461131133,3.12407784469201,90.9328270596258,20.1052480628833,29.107093862634,1.75387608784035e-68,0.897539538868867,1.0555363776573,796.559050838973,176.119206140497,754.648601128163,1,887.491877898598,6.53821406066262,0.0233927742384514,0.0914322431321011,6.61424546740188,38.0695403146524,8.41717536356965,5.75568906571082,2.44302227179648e-153,3.9085677568679,1.01162877293919,1627.40596419199,359.819458682848,1608.69877145123,1,1665.47550450664,7.5,0.25,0.25,0.25,0.25,1,4,790.844012395441,371.026305516466,-100,-100,4348.83229926152,0,0,-32.8999834190281,7115.60053896988,10388.0897513935,6299.96608273762,2304.38891069555,16.4943284280651,16.3871842972212,31292.5383572117,53627.489662041,27844.0353725729,11937.0462257901,-3581.23051432796,-3581.34916916707,10.1216314980931,59.9319013597494,0.5,0.999999996829639,0,0.0500758766273497,0.05,0.415960722316801,0,0.099999375,3,0.33,0.02,0.02,0.25,0.25,0.02,0.02,0,0,0,0,0.1443,2,0.001,45.55074,193.2,27.82166,257.54634,4,5,300,"MIROC-ESM-CHEM",6.130331874,285.6500417,970.869657,7.5,0.010039094,0.002779791,589.8958142,6,"Nordhaus+TraditionalGreenClimateFund"
23,2112,308.216499727777,253.779440073897,125.106132634982,80.2991334196206,558.703808588555,0.877914797067447,3.22796397144444,0.763479536071269,1.03043953035515,246.087678083141,54.4099856241824,238.818165291393,1,0.236520463928731,1.17373523466877,76.2361910666004,16.8558218448253,64.9517785739083,0,322.323869149741,0.742984260616526,14.4938404470452,3.74183289071091,1.00744074489839,473.334574226344,104.654274361445,469.838624875235,1,0.258167109289088,1.35593820528906,32.6576365978171,7.22060345177737,24.0849003814706,0,505.992210824161,2.24773914601867,0.25,0.25,0.25,0.25,1,4,287.222799799334,112.722414766353,0.000720487790124748,0.000716559380330902,412.165891411444,0.991982439649466,0,0,2312,837.819310443302,253.779440073897,408.240372542694,80.2991334196206,558.703808588555,0.449236532224414,1341.91313725266,0.999255350199309,1.00008277311329,837.29885933332,185.126777798597,837.229559236163,1,0.000744649800690614,2.22618309370642,0.623959059710488,0.137957348101989,0.280282004420241,0,837.922818393031,0.336389620991043,18130.7893445092,3.9997793929808,1.00000612816052,1632.8863645736,361.031175207223,1632.87635804517,1,0.000220607019196994,2.97276154125798,0.0900615154446164,0.0199126010648047,0.0302955733901566,0,1632.97642608905,2.24773914601867,0.25,0.25,0.25,0.25,1,4,746.673023470029,363.786323321988,3.7746265287944e-10,3.76925559013017e-10,412.165891411444,0.991982439649466,0,0,5712.14940173682,7915.21217185892,5046.28856522451,1745.65749671241,3.27879247591501,3.24491505012402,27273.7750772297,47949.314064731,24259.8532046562,10664.254545897,3.28044674882563,3.24656143215864,9,59.999839187106,0.376595227911318,1,0,0.050003276743119,0.0499946207108223,0.314196720849644,0,0.0999886164888858,10,0.33,0.02,0.02,0.25,0.25,0.02,0.02,0,0,0,0,0.1443,2,0.015,45.55074,193.2,27.82166,257.54634,4,5,300,"MIROC-ESM-CHEM",6.130331874,285.6500417,970.869657,7.5,0.010039094,0.002779791,589.8958142,7,"Nordhaus+TraditionalGreenClimateFund"
24,2112,308.216532501777,253.779449535263,125.106149262484,80.2991334190711,558.761916784251,0.877914756450572,3.22796531552541,0.763479611261728,1.0304395190794,246.08772446721,54.4099958797002,238.818212918567,1,0.236520388738272,1.17373527612805,76.2361736923296,16.8558180033741,64.9517614771021,0,322.32389815954,0.74298419445201,14.4938520634491,3.74183308426984,1.00744073910803,473.334657560231,104.654292786567,469.838710294079,1,0.258166915730158,1.35593831824521,32.6576161732667,7.22059893590928,24.0848833120452,0,505.992273733498,2.2468748152919,0.25,0.25,0.25,0.25,1,4,287.222825649966,112.72242878098,0.605155361954879,0.601855817838873,412.107783215749,0.991989364202533,0,0,2312,837.81939953964,253.779449535263,408.240417179414,80.2991334190711,558.761916784251,0.449236511437763,1341.9136960785,0.99925535050918,1.00008277307883,837.2989485909,185.126797533448,837.229648515203,1,0.000744649490819957,2.22618319663758,0.623958866384444,0.137957305357601,0.280281904619023,0,837.922907457285,0.336389596346495,18130.8012991808,3.99977939312625,1.00000612815648,1632.8865431618,361.031214693074,1632.87653663887,1,0.000220606873746224,2.97276175903619,0.0900614659119109,0.0199125901131235,0.0302955545085826,0,1632.97660462771,2.2468748152919,0.25,0.25,0.25,0.25,1,4,746.673102835186,363.786363095939,0.223663306308734,0.223345056712747,412.107783215749,0.991989364202533,0,9.8839963636376e-14,5661.25753022663,7800.95686078691,4994.63249108781,1716.06612233905,16.4801461288634,16.3338048520189,27222.8854542228,47835.0633204133,24208.1991341608,10634.6641888823,31.623274305309,31.4300718355929,9,59.9999999372936,0.499999470966855,1,0,0.0500000002108184,0.05,0.499999293161754,0,0.099999375,10,0.33,0.02,0.02,0.25,0.25,0.02,0.02,0,0,0,0,0.1443,2,0.001,45.55074,193.2,27.82166,257.54634,4,5,300,"MIROC-ESM-CHEM",6.130331874,285.6500417,970.869657,7.5,0.010039094,0.002779791,589.8958142,8,"Nordhaus+TraditionalGreenClimateFund"
25,2112,162.15026580046,301.086472848386,54.9699584766127,111.129418900325,703.796434635536,1.51383414976283,0.436358463598122,0.303794961116482,1.81430257481715,119.848371421404,26.4984749212725,66.0575435899841,1.36459783044142e-15,0.696205038883518,1.19848173269271,274.655773680106,60.7263915606714,229.169762198226,0.999999999999999,394.50414510151,1.60258633447635,0.389365196821621,1.12098733353146,1.8889899310082,159.224232258358,35.2044777523229,84.2906728324254,1.05280673262633e-24,2.87901266646854,1.17871336499661,408.932882440704,90.4150603076397,346.931573514382,1,568.157114699061,3.59649947933988,0.25,0.25,0.25,0.25,1,4,351.542643699956,126.571201227083,0.000720917644750351,0.000717171196983617,594.419765364464,0.9757720399225,0,-4.4478493919962,2312,162.15026580046,818.43788794639,54.9699584766127,394.719410808249,-2002.78081338003,2.95839119273857,0.114258573640076,0.102542243194786,3.12283179970891,90.9814192409749,20.1159917941795,29.1342682143354,1.8870973411294e-68,0.897457756805214,1.05558447015863,796.276518623222,176.056738267594,754.34656451848,1,887.257937864197,3.7465303943345,0.0712428819675233,0.266019529900347,3.8776913228972,110.536687370343,24.4396615775828,28.5057984676706,4.2713258066089e-139,3.73398047009965,1.0350086385956,1551.54710642857,343.047065231357,1499.06681796768,1,1662.08379379891,7.5,0.25,0.25,0.25,0.25,1,4,790.635548430786,370.270717163552,-100,-100,3300.99701338003,0,0,-26.1305319959405,7114.71180503515,9162.49895194676,6299.19522003278,2024.02924259931,3.28212593496741,3.25353650220143,31286.418045221,51153.8300803449,27838.6026506624,11378.6480347282,-2196.71622144968,-2196.74481864365,10.0427397501698,59.9988132551858,0.5,1.00000000000911,0.499999903619089,0.0500046300175082,0.05,0.5,0.999999807238177,0.099999375,3,0.33,0.02,0.02,0.25,0.25,0.02,0.02,0,0,0,0,0.1443,2,0.015,45.55074,193.2,27.82166,257.54634,4,5,300,"bcc-csm1-1",4.997053041,289.4150457,1298.216153,7.5,0.0100539,0.001822767,915.9700854,1,"Nordhaus+R&DGreenClimateFund"
26,2112,189.327204768312,257.867256494657,72.3056904933725,82.913887455144,786.343249718329,1.20925111062145,2.30802596094565,0.697704911688742,1.56916801157148,279.470201217089,123.581723007655,169.15449220166,1,0.302295088311258,1.29763619631085,115.003826936032,25.4273461355566,88.6256311768931,0,358.486109942939,1.05860695763125,2.51245657855848,2.86119588654343,1.45624472213474,424.275751620813,187.614147422129,262.214290396859,1,1.13880411345657,1.37562360764495,151.982000293043,33.6032202647917,110.482256518725,0,511.90492594676,2.84939360714732,0.25,0.25,0.25,0.25,1,4,315.527888277064,112.287614190835,0.605335159652739,0.601802739100702,511.872950281671,0.986192256533186,1,-0.578266564745287,2312,514.644700355831,257.867256494657,249.097334045775,82.913887455144,767.841150399932,0.618784166001944,8.81445155639356,0.89810943645154,1.17596506924939,635.784330673137,281.143831090677,513.49104349226,1,0.10189056354846,1.90044466853034,68.5065345990036,15.1467947998397,36.0476343949447,0,649.993679439588,0.462181992891077,13.1808073092963,3.71792861204892,1.10164068305086,1252.30785841947,553.768793691005,1023.08955171864,1,0.282071387951079,2.38356469961063,85.5089560244622,18.9060301770086,35.8744010760148,0,1191.82365019787,3.02682869910699,0.25,0.25,0.25,0.25,1,4,573.296404211452,261.533849776231,0.223568695496542,0.223095468448578,530.375049600068,0.984076226968408,1,1.01385059787526e-13,6919.01070841372,8984.08964979844,6098.76870971331,1976.46444799759,16.4942730995902,16.37003780796,26120.0372915908,41214.4653557486,23013.899192081,9045.79320243398,31.6351391504272,31.4513235382961,9.01130537273958,300,0.499999887409507,1.00000000047674,0.499993730553142,0.0502321284326195,0.05,0.41206932133041,0.999993711106041,0.1,3,0.33,0.02,0.02,0.25,0.25,0.02,0.02,0,0,0,0,0.1443,2,0.001,45.55074,193.2,27.82166,257.54634,4,5,300,"bcc-csm1-1",4.997053041,289.4150457,1298.216153,7.5,0.0100539,0.001822767,915.9700854,2,"Nordhaus+R&DGreenClimateFund"
27,2112,306.831174645615,254.92520778544,124.28308461001,81.0807751758853,876.022740898643,0.883230200381803,3.05727711441814,0.753529282866494,1.03194259896687,242.315402658581,53.5759355278123,234.814807433258,1,0.246470717133506,1.16837331708175,79.2585668848335,17.5240691382367,67.8366800457218,2.22044604925031e-16,321.573969543415,0.751136613729931,13.13801074075,3.71707476579638,1.00818412561894,467.623885170145,103.391641011119,463.827859700789,1,0.282925234203621,1.34221139961822,35.593203141456,7.86965721457592,26.5183287458147,0,503.217088311601,1.88689720014663,0.25,0.25,0.25,0.25,1,4,286.554564260137,112.104186848617,0.000720488473930396,0.000716540595988401,422.193459101357,0.994563708991508,0,-6.97154002108499e-14,2312,834.053606452213,254.92520778544,406.309554408286,81.0807751758853,876.022740898643,0.451956469692483,1270.95604552544,0.99921380931085,1.0000873926962,833.506589414873,184.288306919628,833.43375339206,1,0.00078619068914988,2.2127958326975,0.655810712218836,0.144999748471585,0.296371993533345,0,834.162400127092,0.339657160268364,16620.076981794,3.99975934170786,1.00000668517601,1625.15665134395,359.322135612146,1625.14578695832,1,0.000240658292142045,2.94416488787077,0.097782739100678,0.0216197636151599,0.0332123854555561,0,1625.25443408305,1.88689720014663,0.25,0.25,0.25,0.25,1,4,743.322114753252,362.066056552851,3.77461682828988e-10,3.76923313879234e-10,422.193459101357,0.994563708991508,0,6.3118435977836e-14,5795.92133344906,7957.05513351057,5131.90525709792,1757.23471160763,3.27917196837971,3.24586318675653,27266.532526032,47788.1283375562,24264.3668908086,10630.6020446389,3.28082623933643,3.24750952835178,9.9,60,0.25,1,0.5,0.05,0.05,0.25,1,0.099999375,10,0.33,0.02,0.02,0.25,0.25,0.02,0.02,0,0,0,0,0.1443,2,0.015,45.55074,193.2,27.82166,257.54634,4,5,300,"bcc-csm1-1",4.997053041,289.4150457,1298.216153,7.5,0.0100539,0.001822767,915.9700854,3,"Nordhaus+R&DGreenClimateFund"
28,2112,306.831169351735,254.925215864925,124.283086203365,81.0807751758853,876.024075321462,0.883230229346855,3.05727621206269,0.75352922805036,1.03194260730793,242.315383773667,53.5759313523577,234.814787234927,1,0.24647077194964,1.1683732882094,79.2585841009704,17.5240729447246,67.8366964572074,2.22044604925031e-16,321.573967874637,0.751136607277931,13.1380117564081,3.7170747861214,1.00818412500641,467.623893298189,103.391642808229,463.827868044654,1,0.282925213878605,1.34221141033187,35.5932010085242,7.8696567429847,26.5183269450253,0,503.217094306713,1.88688140598416,0.25,0.25,0.25,0.25,1,4,286.554562773089,112.104188184178,0.605155921432857,0.601840002435488,422.192124678538,0.994563808935663,0,0,2312,834.053592054551,254.925215864925,406.309548769276,81.0807751758853,876.024075321462,0.451956484516838,1270.95567033466,0.999213809078946,1.00008739272199,833.506574865288,184.288303702715,833.433738822255,1,0.000786190921053793,2.21279576017397,0.655810894368814,0.144999788744945,0.296372085563494,0,834.162385759658,0.339657163426723,16620.0755908929,3.99975934168772,1.00000668517657,1625.15662878221,359.322130623746,1625.14576439582,1,0.000240658312281047,2.94416486049561,0.0977827459264217,0.0216197651243318,0.0332123880827657,0,1625.25441152814,1.88688140598416,0.25,0.25,0.25,0.25,1,4,743.322101950431,362.066051528181,0.223662729393329,0.223343722025496,422.192124678538,0.994563808935663,0,0,5795.92132878716,7957.05516440609,5131.90525297181,1757.23471848004,16.4828219273385,16.3429446115627,27266.5321836126,47788.1280541447,24264.3665857067,10630.6019814916,31.6259031460786,31.4389777354438,9.90000000092421,60.0000000000331,0.249999999748655,1,0.5,0.0500000000000513,0.05,0.250000000261818,1,0.099999375,10,0.33,0.02,0.02,0.25,0.25,0.02,0.02,0,0,0,0,0.1443,2,0.001,45.55074,193.2,27.82166,257.54634,4,5,300,"bcc-csm1-1",4.997053041,289.4150457,1298.216153,7.5,0.0100539,0.001822767,915.9700854,4,"Nordhaus+R&DGreenClimateFund"
29,2112,162.150915467554,301.085220803417,54.9703871151472,111.128628702147,343.033196040535,1.51382586828196,0.436363237864739,0.303797275202772,1.81429566484618,119.849083238647,26.4986323040649,66.0581875164259,1.3652272233998e-15,0.696202724797228,1.19848372448888,274.654399910281,60.7260878201631,229.168235077546,0.999999999999999,394.503483148928,1.60257032703146,0.389372975292189,1.12100345182057,1.88897635058825,159.226054740697,35.2048807031681,84.2922436223789,1.05404376305631e-24,2.87899654817943,1.17871666455183,408.929393780379,90.4142889648417,346.927642645878,1,568.155448521075,4.82771309992416,0.25,0.25,0.25,0.25,1,4,351.54205383401,126.570830044283,0.000720853283547021,0.000716992430681167,627.836503959465,0.946861330388546,0,-4.76346708893985,2312,162.150915467554,818.434484528253,54.9703871151472,394.717648702142,-2671.31240344996,2.95837500874251,0.114259823762429,0.102543250080235,3.12281646792639,90.9820104401082,20.1161225083079,29.134600567968,1.88882095666398e-68,0.897456749919765,1.05558506230546,796.27298068724,176.055956029949,754.342789720925,1,887.254991127348,3.74649961502722,0.071244052561832,0.266023610180911,3.87766158469239,110.537979488522,24.4399472649122,28.5063503026891,4.27950138553678e-139,3.73397638981909,1.03500920409523,1551.53974982806,343.045438686984,1499.05889115679,1,1662.07772931658,7.5,0.25,0.25,0.25,0.25,1,4,790.63292259358,370.269366148501,-100,-100,3642.18210344996,0,0,-29.8368742919002,7259.97846571806,9162.45700336981,6447.06433813893,2024.01977205298,3.28225067387931,3.2533973593608,31431.6184797932,51153.645295962,27986.4127546813,11378.6067439352,-2996.71613904005,-2996.74500042223,10.0413114493184,59.9989315974029,0.291940177865008,1.00000000020009,0.499999903975506,0.0500047598798796,0.05,0.5,0.999999807951013,0.099999375,3,0.33,0.02,0.02,0.25,0.25,0.02,0.02,0,0,0,0,0.1443,2,0.015,45.55074,193.2,27.82166,257.54634,4,5,300,"MIROC-ESM-CHEM",6.130331874,285.6500417,970.869657,7.5,0.010039094,0.002779791,589.8958142,5,"Nordhaus+R&DGreenClimateFund"
30,2112,162.067812418657,301.239614788289,54.915448207459,111.226027113971,349.766024636531,1.51486614561641,0.435764131568043,0.303506768268498,1.8151637499506,119.758585455911,26.478623244302,65.9767392661796,1.28883704552076e-15,0.696493231731502,1.19823375497773,274.824329907501,60.7636593425484,229.357860071808,0.999999999999999,394.582915363412,1.6045858862435,0.388395388005457,1.11897631283094,1.89068661240615,158.993886082279,35.1535482127918,84.0931992848556,9.10187346193055e-25,2.88102368716906,1.17830190868277,409.360901268078,90.5096952703721,347.415970602734,1,568.354787350357,4.76161726105233,0.25,0.25,0.25,0.25,1,4,351.612835880336,126.615237751976,0.605466680630154,0.602232337494585,621.103675363469,0.948931618761507,0,-4.7515649101361,2312,162.067812418657,818.854170891717,54.915448207459,394.934923570747,-2662.1781062718,2.96040795753321,0.114102950373627,0.102416881972498,3.12474243338967,90.9069347156936,20.0995232656398,29.0926169607776,1.68671131972716e-68,0.897583118027502,1.05551075331975,796.709764454127,176.152528920808,754.809708900025,1,887.616699169821,3.75039295901958,0.0710962101186753,0.265508212789953,3.88142336612017,110.373181326627,24.4035103913172,28.4362644616515,3.3755147286798e-139,3.73449178721005,1.03493778079587,1552.44817047758,343.246290492592,1500.04009833687,1,1662.8213518042,7.5,0.25,0.25,0.25,0.25,1,4,790.955240630227,370.435026648181,-100,-100,3633.0478062718,0,0,-29.8259905100374,7133.4633362639,9279.15557226419,6319.53117808588,2055.19265991672,16.4952529785281,16.3732553730644,31313.1930518114,51287.7553123188,27866.0883276102,11413.6584670074,-2978.21281215557,-2978.36083571971,10.0868831626375,59.8965344487546,0.5,1.00000059373006,0.499992113587462,0.0500715671695979,0.05,0.38570008503911,0.999990477154469,0.1,3,0.33,0.02,0.02,0.25,0.25,0.02,0.02,0,0,0,0,0.1443,2,0.001,45.55074,193.2,27.82166,257.54634,4,5,300,"MIROC-ESM-CHEM",6.130331874,285.6500417,970.869657,7.5,0.010039094,0.002779791,589.8958142,6,"Nordhaus+R&DGreenClimateFund"
31,2112,306.831464710559,254.925003088438,124.283260776003,81.0806089958959,547.985986665773,0.883229165785874,3.0573093456358,0.753531240826968,1.03194230103553,242.316156946499,53.576102300871,234.81560616649,1,0.246468759173032,1.16837434836896,79.257978029733,17.523938942374,67.8361161731911,2.22044604925031e-16,321.574134976232,0.751134868914391,13.1382854085537,3.7170802622516,1.00818395997392,467.625124812538,103.391915096052,463.829165487452,1,0.282919737748397,1.34221429692252,35.5925533866154,7.86951355378067,26.5177874116103,0,503.217678199154,2.40511282684976,0.25,0.25,0.25,0.25,1,4,286.554711677321,112.104318260816,0.000720478474751254,0.000716515040918398,422.883713334227,0.990658613679413,0,0,2312,834.054394952185,254.925003088438,406.309960111516,81.0806089958959,547.985986665773,0.451955940272993,1270.96944472645,0.999213817592753,1.00008739177518,833.507383160481,184.288482416782,833.434547835846,1,0.000786182407247257,2.21279842272038,0.655804422851309,0.144998357892424,0.296368804369028,0,834.163187583333,0.339656466618816,16620.3824593507,3.99975934613082,1.00000668505314,1625.1582755745,359.322494729522,1625.14741137769,1,0.000240653869182207,2.94417090010953,0.0977810396090003,0.02161938785755,0.033211740393658,0,1625.25605661411,2.40511282684976,0.25,0.25,0.25,0.25,1,4,743.322816455508,362.066418012209,3.77459667925476e-10,3.76919177336775e-10,422.883713334227,0.990658613679413,0,0,5795.92186669821,7957.05759068792,5131.90576343224,1757.23524931203,3.27913010684764,3.24572762112328,27266.5521842442,47788.1736551361,24264.3844393974,10630.6121305695,3.28078435630691,3.24737390997678,9.9,60,0.25,1,0.5,0.05,0.05,0.25,1,0.099999375,10,0.33,0.02,0.02,0.25,0.25,0.02,0.02,0,0,0,0,0.1443,2,0.015,45.55074,193.2,27.82166,257.54634,4,5,300,"MIROC-ESM-CHEM",6.130331874,285.6500417,970.869657,7.5,0.010039094,0.002779791,589.8958142,7,"Nordhaus+R&DGreenClimateFund"
32,2112,306.831464756877,254.925001899887,124.283260095585,81.0806089958959,547.986100467592,0.883229162937533,3.05730943437192,0.753531246217408,1.0319423002153,242.316158429038,53.5761026286602,234.815607789779,1,0.246468753782592,1.16837435120819,79.2579762142453,17.5239385409696,67.8361144544864,2.22044604925031e-16,321.574134643283,0.751134871669607,13.1382849748243,3.71708025357229,1.00818396023548,467.625121341597,103.391914328627,463.829161924349,1,0.282919746427711,1.34221429234741,35.5925542974342,7.86951375516271,26.5177881805938,0,503.217675639031,2.40511117712194,0.25,0.25,0.25,0.25,1,4,286.554711380629,112.104317690485,0.605147522703441,0.601818537546331,422.883599532408,0.990658628226606,0,0,2312,834.054395049882,254.925001899887,406.309959901583,81.0806089958959,547.986100467592,0.451955938825713,1270.9694813562,0.999213817615393,1.00008739177267,833.507383273868,184.288482441852,833.434547951321,1,0.000786182384607045,2.21279842980076,0.655804404040031,0.144998353733251,0.296368794919599,0,834.163187677908,0.339656466736397,16620.3824075684,3.99975934613007,1.00000668505316,1625.15827473456,359.322494543811,1625.14741053772,1,0.00024065386993194,2.94417089909039,0.0977810398631088,0.0216193879137334,0.0332117404914635,0,1625.25605577442,2.40511117712194,0.25,0.25,0.25,0.25,1,4,743.322816539784,362.066417825147,0.223661535453222,0.223341270896247,422.883599532408,0.990658628226606,0,0,5795.92186490658,7957.05757753328,5131.9057618414,1757.23524637942,16.4825760442682,16.3422092499993,27266.5521818682,47788.1735776041,24264.3844372859,10630.6121132952,31.6255106557081,31.4379103682128,9.90000000016704,60.0000000000079,0.249999999949206,1,0.5,0.0500000000000118,0.05,0.25000000005291,1,0.099999375,10,0.33,0.02,0.02,0.25,0.25,0.02,0.02,0,0,0,0,0.1443,2,0.001,45.55074,193.2,27.82166,257.54634,4,5,300,"MIROC-ESM-CHEM",6.130331874,285.6500417,970.869657,7.5,0.010039094,0.002779791,589.8958142,8,"Nordhaus+R&DGreenClimateFund"
